证券名称,证券代码,所属申万行业名称(港股)(2021)
长和,0001.HK,综合--综合Ⅱ--综合Ⅲ
中电控股,0002.HK,公用事业--电力--火力发电
香港中华煤气,0003.HK,公用事业--燃气Ⅱ--燃气Ⅲ
九龙仓集团,0004.HK,房地产--房地产开发--商业地产
汇丰控股,0005.HK,银行--其他银行Ⅱ--其他银行Ⅲ
电能实业,0006.HK,公用事业--电力--火力发电
智富资源投资,0007.HK,----
电讯盈科,0008.HK,通信--通信服务--电信运营商
金奥国际,0009.HK,----
恒隆集团,0010.HK,房地产--房地产开发--商业地产
恒生银行,0011.HK,银行--其他银行Ⅱ--其他银行Ⅲ
恒基地产,0012.HK,房地产--房地产开发--住宅开发
和黄医药,0013.HK,医药生物--化学制药--化学制剂
希慎兴业,0014.HK,房地产--房地产开发--商业地产
新鸿基地产,0016.HK,房地产--房地产开发--商业地产
新世界发展,0017.HK,房地产--房地产开发--住宅开发
东方企控集团,0018.HK,----
太古股份公司A,0019.HK,综合--综合Ⅱ--综合Ⅲ
商汤-W,0020.HK,计算机--IT服务Ⅱ--IT服务Ⅲ
大中华控股,0021.HK,----
茂盛控股,0022.HK,----
东亚银行,0023.HK,银行--其他银行Ⅱ--其他银行Ⅲ
CHEVALIER INT'L,0025.HK,----
中华汽车,0026.HK,----
银河娱乐,0027.HK,社会服务--旅游及景区--博彩
天安,0028.HK,----
达力集团,0029.HK,----
云白国际,0030.HK,----
航天控股,0031.HK,----
港通控股,0032.HK,----
INTL GENIUS,0033.HK,----
九龙建业,0034.HK,----
远东发展,0035.HK,房地产--房地产开发--住宅开发
远东控股国际,0036.HK,----
远东酒店实业,0037.HK,----
第一拖拉机股份,0038.HK,机械设备--专用设备--农用机械
中国北大荒,0039.HK,----
金山科技工业,0040.HK,----
鹰君,0041.HK,社会服务--酒店餐饮--酒店
东北电气,0042.HK,电力设备--电网设备--输变电设备
大酒店,0045.HK,社会服务--酒店餐饮--酒店
科联系统,0046.HK,----
中国汽车内饰,0048.HK,----
香港小轮(集团),0050.HK,----
海港企业,0051.HK,----
大快活集团,0052.HK,----
国浩集团,0053.HK,----
中星集团控股,0055.HK,----
震雄集团,0057.HK,----
新威国际,0058.HK,----
天誉置业,0059.HK,房地产--房地产开发--住宅开发
香港食品投资,0060.HK,----
绿领控股,0061.HK,----
载通,0062.HK,----
中亚烯谷集团,0063.HK,----
结好控股,0064.HK,----
弘海高新资源,0065.HK,----
港铁公司,0066.HK,交通运输--铁路公路--铁路运输
香格里拉(亚洲),0069.HK,社会服务--酒店餐饮--酒店
金粤控股,0070.HK,----
美丽华酒店,0071.HK,----
超媒体控股,0072.HK,----
亚洲果业,0073.HK,----
渝太地产,0075.HK,----
谊砾控股,0076.HK,----
进智公共交通,0077.HK,----
REGAL INT'L,0078.HK,社会服务--酒店餐饮--酒店
世纪建业,0079.HK,----
CAI控股,0080.HK,----
中国海外宏洋集团,0081.HK,房地产--房地产开发--住宅开发
疯狂体育,0082.HK,----
信和置业,0083.HK,房地产--房地产开发--商业地产
宝光实业,0084.HK,----
中电华大科技,0085.HK,----
新鸿基公司,0086.HK,非银金融--多元金融--资产管理
太古股份公司B,0087.HK,综合--综合Ⅱ--综合Ⅲ
TAI CHEUNG HOLD,0088.HK,----
大生地产,0089.HK,----
普星能量,0090.HK,----
冠军科技集团,0092.HK,----
零在科技金融,0093.HK,----
绿心集团,0094.HK,----
绿景中国地产,0095.HK,房地产--房地产开发--住宅开发
YUSEI,0096.HK,----
恒基发展,0097.HK,----
兴发铝业,0098.HK,----
王氏国际,0099.HK,----
恒隆地产,0101.HK,房地产--房地产开发--商业地产
首佳科技,0103.HK,----
ASIA COMM HOLD,0104.HK,----
凯联国际酒店,0105.HK,----
朗诗绿色管理,0106.HK,----
四川成渝高速公路,0107.HK,交通运输--铁路公路--高速公路
国锐生活,0108.HK,----
中国长远,0110.HK,----
信达国际控股,0111.HK,----
迪生创建,0113.HK,----
HERALD HOLD,0114.HK,----
钧濠集团,0115.HK,----
周生生,0116.HK,纺织服饰--饰品--钟表珠宝
天利控股集团,0117.HK,----
大同机械,0118.HK,----
保利置业集团,0119.HK,房地产--房地产开发--住宅开发
COSMOPOL INT'L,0120.HK,房地产--房地产开发--住宅开发
鳄鱼恤,0122.HK,----
越秀地产,0123.HK,房地产--房地产开发--住宅开发
粤海置地,0124.HK,----
新兴光学,0125.HK,----
佳宁娜,0126.HK,----
华人置业,0127.HK,房地产--房地产开发--商业地产
安宁控股,0128.HK,----
泛海集团,0129.HK,----
慕诗国际,0130.HK,----
卓能(集团),0131.HK,----
兴业控股,0132.HK,----
招商局中国基金,0133.HK,----
昆仑能源,0135.HK,公用事业--燃气Ⅱ--燃气Ⅲ
中国儒意,0136.HK,传媒--影视院线--影视动漫制作
金辉集团,0137.HK,----
中建富通,0138.HK,----
小鱼盈通,0139.HK,----
第一太平,0142.HK,食品饮料--休闲食品--烘焙食品
招商局港口,0144.HK,交通运输--航运港口--港口
信能低碳,0145.HK,----
TAI PING CARPET,0146.HK,----
国际商业结算,0147.HK,----
建滔集团,0148.HK,电子--元件--印制电路板
中国农产品交易,0149.HK,----
HYPEBEAST,0150.HK,----
中国旺旺,0151.HK,食品饮料--饮料乳品--乳品
深圳国际,0152.HK,交通运输--铁路公路--高速公路
北京控股环境集团,0154.HK,----
力宝华润,0156.HK,----
自然美,0157.HK,----
万邦投资,0158.HK,----
布莱克万矿业,0159.HK,----
汉国置业,0160.HK,----
世纪金花,0162.HK,----
英皇国际,0163.HK,房地产--房地产开发--商业地产
中国宝力科技,0164.HK,----
中国光大控股,0165.HK,非银金融--多元金融--资产管理
新时代集团控股,0166.HK,----
IDT INT'L,0167.HK,----
青岛啤酒股份,0168.HK,食品饮料--非白酒--啤酒
万达酒店发展,0169.HK,----
银建国际,0171.HK,----
嘉华国际,0173.HK,房地产--房地产开发--住宅开发
盛洋投资,0174.HK,----
吉利汽车,0175.HK,汽车--乘用车--综合乘用车
先机企业集团,0176.HK,----
江苏宁沪高速公路,0177.HK,交通运输--铁路公路--高速公路
莎莎国际,0178.HK,商贸零售--专业连锁Ⅱ--专业连锁Ⅲ
德昌电机控股,0179.HK,汽车--汽车零部件--底盘与发动机系统
开达集团,0180.HK,----
闽港控股,0181.HK,----
协合新能源,0182.HK,----
宏辉集团,0183.HK,----
激成投资,0184.HK,----
正商实业,0185.HK,房地产--房地产开发--商业地产
敏捷控股,0186.HK,----
京城机电股份,0187.HK,机械设备--通用设备--金属制品
新华汇富金融,0188.HK,----
东岳集团,0189.HK,基础化工--化学制品--氟化工
丽新国际,0191.HK,----
冠中地产,0193.HK,----
廖创兴企业,0194.HK,----
绿科科技国际,0195.HK,----
宏华集团,0196.HK,----
亨泰,0197.HK,----
德祥地产,0199.HK,----
新濠国际发展,0200.HK,社会服务--旅游及景区--博彩
华大酒店,0201.HK,----
润中国际控股,0202.HK,----
资本界金控,0204.HK,----
财讯传媒,0205.HK,----
华商能源,0206.HK,----
瀛晟科学,0209.HK,----
达芙妮国际,0210.HK,----
STYLAND HOLD,0211.HK,----
NANYANG HOLD,0212.HK,----
NATIONAL ELEC H,0213.HK,----
汇汉控股,0214.HK,----
和记电讯香港,0215.HK,通信--通信服务--电信运营商
建业实业,0216.HK,----
中国诚通发展集团,0217.HK,----
申万宏源香港,0218.HK,----
顺豪物业,0219.HK,----
统一企业中国,0220.HK,食品饮料--饮料乳品--软饮料
闽信集团,0222.HK,----
易生活控股,0223.HK,----
建生国际,0224.HK,----
博富临置业,0225.HK,----
第一上海,0227.HK,----
中能控股,0228.HK,----
利民实业,0229.HK,----
五矿地产,0230.HK,----
大陆航空科技控股,0232.HK,----
新世纪集团,0234.HK,----
中策资本控股,0235.HK,----
香港生力啤,0236.HK,----
安全货仓,0237.HK,----
白花油,0239.HK,----
利基控股,0240.HK,----
阿里健康,0241.HK,医药生物--医药商业--互联网药店
信德集团,0242.HK,房地产--房地产开发--商业地产
QPL INT'L,0243.HK,----
先施,0244.HK,----
中薇金融,0245.HK,----
TST PROPERTIES,0247.HK,----
香港通讯国际控股,0248.HK,----
爪哇控股,0251.HK,----
华信地产财务,0252.HK,----
顺豪控股,0253.HK,----
国家联合资源,0254.HK,----
龙记集团,0255.HK,----
冠城钟表珠宝,0256.HK,纺织服饰--饰品--钟表珠宝
光大环境,0257.HK,环保--环境治理--固废治理
汤臣集团,0258.HK,----
亿都(国际控股),0259.HK,----
GBA集团,0261.HK,----
迪臣发展国际,0262.HK,----
中联发展控股,0264.HK,----
港誉智慧城市服务,0265.HK,----
天德地产,0266.HK,----
中信股份,0267.HK,综合--综合Ⅱ--综合Ⅲ
金蝶国际,0268.HK,计算机--软件开发--横向通用软件
中国资源交通,0269.HK,----
粤海投资,0270.HK,环保--环境治理--水务及水治理
亚证地产,0271.HK,----
瑞安房地产,0272.HK,房地产--房地产开发--住宅开发
复兴亚洲,0274.HK,----
蒙古能源,0276.HK,----
太兴置业,0277.HK,----
裕承科金,0279.HK,非银金融--多元金融--其他多元金融
景福集团,0280.HK,----
比亚迪电子,0285.HK,电子--消费电子--消费电子零部件及组装
爱帝宫,0286.HK,----
永发置业,0287.HK,----
万洲国际,0288.HK,食品饮料--食品加工--肉制品
WING ON CO,0289.HK,----
国富量子,0290.HK,----
华润啤酒,0291.HK,食品饮料--非白酒--啤酒
国泰航空,0293.HK,交通运输--航空机场--航空运输
长江制衣,0294.HK,----
江山控股,0295.HK,公用事业--电力--光伏发电
英皇娱乐酒店,0296.HK,----
中化化肥,0297.HK,基础化工--农化制品--复合肥
庄士中国,0298.HK,----
宝新置地,0299.HK,----
美的集团,0300.HK,家用电器--白色家电--空调
三和精化,0301.HK,----
中手游,0302.HK,传媒--游戏Ⅱ--游戏Ⅲ
伟易达,0303.HK,电子--消费电子--品牌消费电子
五菱汽车,0305.HK,----
冠忠巴士集团,0306.HK,----
香港中旅,0308.HK,社会服务--旅游及景区--旅游综合
新华通讯频媒,0309.HK,----
嘉进投资国际,0310.HK,----
联泰控股,0311.HK,----
岁宝百货,0312.HK,----
裕田中国,0313.HK,----
思派健康,0314.HK,计算机--软件开发--垂直应用软件
数码通电讯,0315.HK,通信--通信服务--电信运营商
东方海外国际,0316.HK,交通运输--航运港口--航运
中船防务,0317.HK,国防军工--航海装备Ⅱ--航海装备Ⅲ
黄河实业,0318.HK,----
金宝通,0320.HK,----
德永佳集团,0321.HK,纺织服饰--纺织制造--棉纺
康师傅控股,0322.HK,食品饮料--饮料乳品--软饮料
马鞍山钢铁股份,0323.HK,钢铁--普钢--板材
布鲁可,0325.HK,轻工制造--文娱用品--娱乐用品
中国星集团,0326.HK,----
百富环球,0327.HK,计算机--计算机设备--其他计算机设备
ALCO HOLDINGS,0328.HK,----
东建国际,0329.HK,----
思捷环球,0330.HK,纺织服饰--服装家纺--非运动服装
丰盛生活服务,0331.HK,----
元亨燃气,0332.HK,----
黛丽斯国际,0333.HK,----
华显光电,0334.HK,----
美建集团,0335.HK,----
华宝国际,0336.HK,基础化工--化学制品--食品及饲料添加剂
绿地香港,0337.HK,房地产--房地产开发--住宅开发
上海石油化工股份,0338.HK,石油石化--炼化及贸易--炼油化工
中国科创产业投资,0339.HK,----
潼关黄金,0340.HK,----
大家乐集团,0341.HK,社会服务--酒店餐饮--餐饮
文化传信,0343.HK,----
维他奶国际,0345.HK,食品饮料--饮料乳品--乳品
延长石油国际,0346.HK,----
鞍钢股份,0347.HK,钢铁--普钢--板材
中国智能健康,0348.HK,----
亚洲能源物流,0351.HK,----
富阳,0352.HK,----
能源国际投资,0353.HK,----
中国软件国际,0354.HK,计算机--IT服务Ⅱ--IT服务Ⅲ
世纪城市国际,0355.HK,----
鼎立资本,0356.HK,----
美兰空港,0357.HK,----
江西铜业股份,0358.HK,有色金属--工业金属--铜
新焦点,0360.HK,----
顺龙控股,0361.HK,----
中国天化工,0362.HK,----
上海实业控股,0363.HK,房地产--房地产开发--商业地产
芯成科技,0365.HK,----
陆氏集团(越南),0366.HK,----
庄士机构国际,0367.HK,----
德合集团,0368.HK,----
永泰地产,0369.HK,----
港仔机器人,0370.HK,----
北控水务集团,0371.HK,环保--环境治理--水务及水治理
保德国际发展,0372.HK,----
联合集团,0373.HK,----
四洲集团,0374.HK,----
YGM TRADING,0375.HK,----
云锋金融,0376.HK,----
中国华君,0377.HK,----
恒嘉融资租赁,0379.HK,----
中国管业,0380.HK,----
权识国际,0381.HK,----
中汇集团,0382.HK,----
天安卓健,0383.HK,----
中国燃气,0384.HK,公用事业--燃气Ⅱ--燃气Ⅲ
建联集团,0385.HK,----
中国石油化工股份,0386.HK,石油石化--炼化及贸易--炼油化工
力丰(集团),0387.HK,----
香港交易所,0388.HK,非银金融--多元金融--金融信息服务
通天酒业,0389.HK,----
中国中铁,0390.HK,建筑装饰--基础建设--基建市政工程
美亚娱乐资讯,0391.HK,----
北京控股,0392.HK,公用事业--燃气Ⅱ--燃气Ⅲ
旭日企业,0393.HK,----
兴利(香港)控股,0396.HK,----
嬴集团,0397.HK,----
东方表行集团,0398.HK,----
星太链集团,0399.HK,----
硬蛋创新,0400.HK,商贸零售--专业连锁Ⅱ--专业连锁Ⅲ
万嘉集团,0401.HK,----
星光集团,0403.HK,----
有利集团,0406.HK,----
叶氏化工集团,0408.HK,----
SOHO中国,0410.HK,房地产--房地产开发--商业地产
南顺(香港),0411.HK,----
山高控股,0412.HK,非银金融--多元金融--金融控股
南华集团控股,0413.HK,----
谢瑞麟,0417.HK,----
方正控股,0418.HK,----
弘毅文化集团,0419.HK,社会服务--专业服务--其他专业服务
福田实业,0420.HK,----
越南制造加工出口,0422.HK,----
经济日报集团,0423.HK,----
敏实集团,0425.HK,汽车--汽车零部件--车身附件及饰件
万华媒体,0426.HK,----
中国天弓控股,0428.HK,----
东方兴业控股,0430.HK,----
大中华金融,0431.HK,----
盈大地产,0432.HK,房地产--房地产开发--住宅开发
北方矿业,0433.HK,----
博雅互动,0434.HK,----
新宇环保,0436.HK,----
彩虹新能源,0438.HK,----
光启科学,0439.HK,通信--通信设备--通信网络设备及器件
大新金融,0440.HK,银行--其他银行Ⅱ--其他银行Ⅲ
域能控股,0442.HK,----
SINCEREWATCH HK,0444.HK,----
鸿兴印刷集团,0450.HK,----
协鑫新能源,0451.HK,公用事业--电力--光伏发电
天大药业,0455.HK,----
新城市建设发展,0456.HK,----
联亚集团,0458.HK,----
鋑联控股,0459.HK,----
四环医药,0460.HK,医药生物--化学制药--原料药
中国智能科技,0464.HK,----
富通科技,0465.HK,----
联合能源集团,0467.HK,石油石化--油气开采Ⅱ--油气开采Ⅲ
纷美包装,0468.HK,轻工制造--包装印刷--纸包装
中播数据,0471.HK,----
新丝路文旅,0472.HK,----
信铭生命科技,0474.HK,----
中发展控股,0475.HK,----
科轩动力控股,0476.HK,----
香港兴业国际,0480.HK,房地产--房地产开发--住宅开发
圣马丁国际,0482.HK,----
包浩斯国际,0483.HK,----
云游控股,0484.HK,----
中国华星,0485.HK,----
俄铝,0486.HK,----
实德环球,0487.HK,----
丽新发展,0488.HK,房地产--房地产开发--商业地产
东风集团股份,0489.HK,汽车--商用车--商用载货车
英皇文化产业,0491.HK,----
国美零售,0493.HK,商贸零售--专业连锁Ⅱ--专业连锁Ⅲ
PALADIN,0495.HK,----
卡森国际,0496.HK,房地产--房地产开发--住宅开发
资本策略地产,0497.HK,----
蓝河控股,0498.HK,----
青岛控股,0499.HK,----
先丰服务集团,0500.HK,----
兴业合金,0505.HK,----
中国食品,0506.HK,食品饮料--饮料乳品--软饮料
鼎亿集团投资,0508.HK,非银金融--多元金融--其他多元金融
世纪阳光,0509.HK,----
时富金融服务集团,0510.HK,----
电视广播,0511.HK,传媒--电视广播Ⅱ--电视广播Ⅲ
远大医药,0512.HK,医药生物--化学制药--原料药
恒和集团,0513.HK,----
中华银科技,0515.HK,----
中远海运国际,0517.HK,----
同得仕(集团),0518.HK,----
诺科达科技,0519.HK,----
呷哺呷哺,0520.HK,社会服务--酒店餐饮--餐饮
CWT INT'L,0521.HK,----
ASMPT,0522.HK,电子--半导体--半导体设备
长城天下,0524.HK,----
广深铁路股份,0525.HK,交通运输--铁路公路--铁路运输
利时集团控股,0526.HK,----
瑞风新能源,0527.HK,----
金达控股,0528.HK,----
SIS INT'L,0529.HK,----
WKK INTL (HOLD),0532.HK,----
金利来集团,0533.HK,----
金地商置,0535.HK,房地产--房地产开发--产业地产
贸易通,0536.HK,----
味千(中国),0538.HK,----
迅捷环球控股,0540.HK,----
中国文旅农业,0542.HK,----
太平洋网络,0543.HK,----
大同集团,0544.HK,----
阜丰集团,0546.HK,食品饮料--调味发酵品Ⅱ--调味发酵品Ⅲ
数字王国,0547.HK,传媒--影视院线--影视动漫制作
深圳高速公路股份,0548.HK,交通运输--铁路公路--高速公路
律齐文化,0550.HK,----
裕元集团,0551.HK,纺织服饰--纺织制造--纺织鞋类制造
中国通信服务,0552.HK,通信--通信服务--通信工程及服务
南京熊猫电子股份,0553.HK,通信--通信设备--通信终端及配件
汉思集团控股,0554.HK,----
泛亚环保,0556.HK,----
天元医疗,0557.HK,----
力劲科技,0558.HK,机械设备--通用设备--机床工具
德泰新能源集团,0559.HK,----
珠江船务,0560.HK,----
上实城市开发,0563.HK,房地产--房地产开发--住宅开发
中创智领,0564.HK,机械设备--专用设备--能源及重型设备
锦艺集团控股,0565.HK,----
大昌微线集团,0567.HK,----
山东墨龙,0568.HK,机械设备--专用设备--能源及重型设备
中国中药,0570.HK,医药生物--中药Ⅱ--中药Ⅲ
丰德丽控股,0571.HK,----
未来世界控股,0572.HK,----
稻香控股,0573.HK,----
百信国际,0574.HK,----
励晶太平洋,0575.HK,----
浙江沪杭甬,0576.HK,交通运输--铁路公路--高速公路
京能清洁能源,0579.HK,公用事业--电力--电能综合服务
赛晶科技,0580.HK,----
中国东方集团,0581.HK,钢铁--普钢--长材
神话世界,0582.HK,社会服务--旅游及景区--博彩
长城环亚控股,0583.HK,----
意力国际,0585.HK,----
海螺创业,0586.HK,环保--环境治理--固废治理
海螺环保,0587.HK,环保--环境治理--固废治理
北京北辰实业股份,0588.HK,房地产--房地产开发--住宅开发
六福集团,0590.HK,纺织服饰--饰品--钟表珠宝
中国高精密,0591.HK,----
梦东方,0593.HK,----
AV CONCEPT HOLD,0595.HK,----
浪潮数字企业,0596.HK,----
中国外运,0598.HK,交通运输--物流--跨境物流
怡邦行控股,0599.HK,----
稀镁科技,0601.HK,----
佳华百货控股,0602.HK,----
中油燃气,0603.HK,----
深圳控股,0604.HK,房地产--房地产开发--住宅开发
中国金融投资管理,0605.HK,----
中骏商管,0606.HK,----
丰盛控股,0607.HK,公用事业--电力--其他能源发电
达利国际,0608.HK,----
天德化工,0609.HK,----
WAI KEE HOLD,0610.HK,----
中国核能科技,0611.HK,----
嘉文世纪投资公司,0612.HK,非银金融--多元金融--资产管理
梧桐国际,0613.HK,----
高山企业,0616.HK,----
百利保控股,0617.HK,----
北大资源,0618.HK,----
南华金融,0619.HK,----
大唐西市,0620.HK,----
坛金矿业,0621.HK,----
威华达控股,0622.HK,----
中视金桥,0623.HK,----
大众金融控股,0626.HK,----
共生智筑,0627.HK,----
通通AI社交,0628.HK,----
悦达国际控股,0629.HK,----
隽泰控股,0630.HK,----
三一国际,0631.HK,机械设备--专用设备--能源及重型设备
中港石油,0632.HK,----
彩星集团,0635.HK,----
KLN,0636.HK,交通运输--物流--跨境物流
利记,0637.HK,----
广和通,0638.HK,通信--通信设备--通信终端及配件
首钢资源,0639.HK,煤炭--煤炭开采--焦煤
星谦发展,0640.HK,----
中国恒天立信国际,0641.HK,----
恒富控股,0643.HK,----
安域亚洲,0645.HK,----
中国环保科技,0646.HK,----
京玖康疗,0648.HK,----
普达特科技,0650.HK,电子--半导体--半导体设备
卓悦控股,0653.HK,----
香港华人有限公司,0655.HK,----
复星国际,0656.HK,综合--综合Ⅱ--综合Ⅲ
环科国际,0657.HK,----
中国高速传动,0658.HK,机械设备--通用设备--其他通用设备
周大福创建,0659.HK,建筑装饰--基础建设--基建市政工程
玮俊生物科技,0660.HK,----
中国大冶有色金属,0661.HK,----
亚洲金融,0662.HK,----
金山能源,0663.HK,----
瑞浦兰钧,0666.HK,电力设备--电池--蓄电池及其他电池
中国东方教育,0667.HK,社会服务--教育--培训教育
创科实业,0669.HK,家用电器--其他家电Ⅱ--其他家电Ⅲ
中国东方航空股份,0670.HK,交通运输--航空机场--航空运输
众安集团,0672.HK,----
中国卫生集团,0673.HK,----
中国唐商,0674.HK,----
坚宝国际,0675.HK,----
创信国际,0676.HK,----
金源发展国际实业,0677.HK,----
亚洲联网科技,0679.HK,----
中民控股,0681.HK,----
超大现代,0682.HK,----
嘉里建设,0683.HK,房地产--房地产开发--商业地产
亚伦国际,0684.HK,----
世界华文媒体,0685.HK,----
北京能源国际,0686.HK,公用事业--电力--光伏发电
泰升集团,0687.HK,建筑装饰--专业工程--其他专业工程
中国海外发展,0688.HK,房地产--房地产开发--住宅开发
长盈集团(控股),0689.HK,----
联康生物科技集团,0690.HK,----
山水水泥,0691.HK,建筑材料--水泥--水泥制品
陈唱国际,0693.HK,----
北京首都机场股份,0694.HK,交通运输--航空机场--机场
东吴水泥,0695.HK,----
中国民航信息网络,0696.HK,计算机--软件开发--垂直应用软件
首程控股,0697.HK,非银金融--多元金融--资产管理
通达集团,0698.HK,电子--消费电子--消费电子零部件及组装
均胜电子,0699.HK,汽车--汽车零部件--汽车电子电气系统
腾讯控股,0700.HK,传媒--社交Ⅱ--社交Ⅲ
CNT GROUP,0701.HK,----
中国油气控股,0702.HK,----
FUTURE BRIGHT,0703.HK,----
和嘉控股,0704.HK,----
亚洲电视控股,0707.HK,----
恒大汽车,0708.HK,----
佐丹奴国际,0709.HK,纺织服饰--服装家纺--非运动服装
京东方精电,0710.HK,汽车--汽车零部件--汽车电子电气系统
亚洲联合基建控股,0711.HK,----
卡姆丹克太阳能,0712.HK,----
世界(集团),0713.HK,----
胜狮货柜,0716.HK,----
英皇资本,0717.HK,----
太和控股,0718.HK,商贸零售--一般零售--多业态零售
山东新华制药股份,0719.HK,医药生物--化学制药--原料药
意达利控股,0720.HK,----
中国金融国际,0721.HK,----
联合医务,0722.HK,----
信保环球控股,0723.HK,----
瑞鑫国际集团,0724.HK,----
恒都集团,0725.HK,----
筑友智造科技,0726.HK,----
皇冠环球集团,0727.HK,----
中国电信,0728.HK,通信--通信服务--电信运营商
首惠产业金融,0730.HK,----
建发新胜,0731.HK,----
信利国际,0732.HK,电子--光学光电子--面板
合富辉煌,0733.HK,----
中国置业投资,0736.HK,----
湾区发展,0737.HK,交通运输--铁路公路--高速公路
莱尔斯丹,0738.HK,----
亚洲水泥(中国),0743.HK,建筑材料--水泥--水泥制造
中国国家文化产业,0745.HK,----
理文化工,0746.HK,----
沈阳公用发展股份,0747.HK,----
水发兴业能源,0750.HK,----
创维集团,0751.HK,家用电器--黑色家电--彩电
PICO FAR EAST,0752.HK,----
中国国航,0753.HK,交通运输--航空机场--航空运输
合生创展集团,0754.HK,房地产--房地产开发--住宅开发
大方广瑞德,0755.HK,----
森美控股,0756.HK,----
阳光能源,0757.HK,----
CEC INT'L HOLD,0759.HK,----
新天地产集团,0760.HK,----
中国联通,0762.HK,通信--通信服务--电信运营商
中兴通讯,0763.HK,通信--通信设备--通信网络设备及器件
永恒策略,0764.HK,----
PERFECTECH INTL,0765.HK,----
中基长寿科学,0767.HK,----
开明投资,0768.HK,----
中国稀土,0769.HK,----
SHANGHAI GROWTH,0770.HK,----
自动系统,0771.HK,----
阅文集团,0772.HK,传媒--数字媒体--文字媒体
长江生命科技,0775.HK,医药生物--生物制品--其他生物制品
帝国科技集团,0776.HK,----
网龙,0777.HK,传媒--游戏Ⅱ--游戏Ⅲ
同程旅行,0780.HK,社会服务--旅游及景区--旅游综合
凌锐控股,0784.HK,----
中国铁塔,0788.HK,通信--通信服务--通信工程及服务
雅天妮集团,0789.HK,----
锦胜集团(控股),0794.HK,----
第七大道,0797.HK,----
中电光谷,0798.HK,----
IGG,0799.HK,传媒--游戏Ⅱ--游戏Ⅲ
文远知行-W,0800.HK,----
中国钱包,0802.HK,----
鼎石资本,0804.HK,----
新吉奥房车,0805.HK,----
惠理集团,0806.HK,非银金融--多元金融--资产管理
上海实业环境,0807.HK,----
大成生化科技,0809.HK,----
中国铸晨81,0810.HK,----
新华文轩,0811.HK,传媒--出版--教育出版
世茂集团,0813.HK,房地产--房地产开发--住宅开发
北京京客隆,0814.HK,----
中国白银集团,0815.HK,----
金茂服务,0816.HK,房地产--房地产服务--物业管理
中国金茂,0817.HK,房地产--房地产开发--住宅开发
高阳科技,0818.HK,----
天能动力,0819.HK,电力设备--电池--蓄电池及其他电池
汇盈控股,0821.HK,----
嘉瑞国际,0822.HK,----
新世界百货中国,0825.HK,----
天工国际,0826.HK,钢铁--特钢Ⅱ--特钢Ⅲ
玖源集团,0827.HK,----
王朝酒业,0828.HK,----
神冠控股,0829.HK,----
中国建筑兴业,0830.HK,----
利亚零售,0831.HK,----
建业地产,0832.HK,房地产--房地产开发--住宅开发
华讯,0833.HK,----
康大食品,0834.HK,----
华润电力,0836.HK,公用事业--电力--火力发电
谭木匠,0837.HK,----
亿和控股,0838.HK,----
中教控股,0839.HK,社会服务--教育--学历教育
天业节水,0840.HK,----
木薯资源,0841.HK,----
理士国际,0842.HK,----
广泰国际控股,0844.HK,----
恒盛地产,0845.HK,房地产--房地产开发--住宅开发
明发集团,0846.HK,----
茂业国际,0848.HK,----
盛源控股,0851.HK,----
海峡石油化工,0852.HK,----
微创医疗,0853.HK,医药生物--医疗器械--医疗耗材
威雅利,0854.HK,----
中国水务,0855.HK,环保--环境治理--水务及水治理
伟仕佳杰,0856.HK,计算机--IT服务Ⅱ--IT服务Ⅲ
中国石油股份,0857.HK,石油石化--炼化及贸易--炼油化工
精优药业,0858.HK,----
中昌国际控股,0859.HK,----
APOLLO出行,0860.HK,纺织服饰--饰品--钟表珠宝
神州控股,0861.HK,计算机--软件开发--垂直应用软件
远见控股,0862.HK,----
OSL集团,0863.HK,----
永利地产发展,0864.HK,----
建德国际控股,0865.HK,----
中国秦发,0866.HK,----
康哲药业,0867.HK,医药生物--化学制药--原料药
信义玻璃,0868.HK,建筑材料--玻璃玻纤--玻璃制造
彩星玩具,0869.HK,----
中国疏浚环保,0871.HK,----
世茂服务,0873.HK,房地产--房地产服务--物业管理
白云山,0874.HK,医药生物--中药Ⅱ--中药Ⅲ
从玉智农,0875.HK,----
佳兆业健康,0876.HK,----
金朝阳集团,0878.HK,----
澳博控股,0880.HK,社会服务--旅游及景区--博彩
中升控股,0881.HK,汽车--汽车服务--汽车经销商
天津发展,0882.HK,----
中国海洋石油,0883.HK,石油石化--油气开采Ⅱ--油气开采Ⅲ
旭辉控股集团,0884.HK,房地产--房地产开发--住宅开发
英皇钟表珠宝,0887.HK,----
链信控股,0888.HK,----
连达科技控股,0889.HK,----
中国铁钛,0893.HK,----
万裕科技,0894.HK,----
东江环保,0895.HK,环保--环境治理--固废治理
兴胜创建,0896.HK,----
位元堂,0897.HK,----
万事昌国际,0898.HK,----
中加国信,0899.HK,----
AEON CREDIT,0900.HK,----
华能国际电力股份,0902.HK,公用事业--电力--火力发电
胡桃资本,0905.HK,----
高雅光学,0907.HK,----
明源云,0909.HK,计算机--软件开发--垂直应用软件
中国三迪,0910.HK,----
前海健康,0911.HK,----
信佳国际,0912.HK,----
港湾数字,0913.HK,----
海螺水泥,0914.HK,建筑材料--水泥--水泥制造
道和环球,0915.HK,----
龙源电力,0916.HK,公用事业--电力--风力发电
趣致集团,0917.HK,计算机--软件开发--垂直应用软件
龙翼航空科技,0918.HK,----
现代健康科技,0919.HK,----
海信家电,0921.HK,家用电器--白色家电--空调
安贤园中国,0922.HK,----
综合环保集团,0923.HK,----
坤集团,0924.HK,----
碧生源,0926.HK,----
富士高实业,0927.HK,----
帝王国际投资,0928.HK,----
国际精密,0929.HK,----
中国港能,0931.HK,公用事业--燃气Ⅱ--燃气Ⅲ
顺腾国际控股,0932.HK,----
非凡领越,0933.HK,纺织服饰--服装家纺--运动服装
中石化冠德,0934.HK,石油石化--炼化及贸易--油品石化贸易
佳兆业资本,0936.HK,----
民生国际,0938.HK,----
建设银行,0939.HK,银行--国有大型银行Ⅱ--国有大型银行Ⅲ
中国移动,0941.HK,通信--通信服务--电信运营商
中证国际,0943.HK,----
宏利金融-S,0945.HK,非银金融--多元金融--金融控股
摩比发展,0947.HK,----
阿尔法企业,0948.HK,----
李氏大药厂,0950.HK,医药生物--化学制药--原料药
超威动力,0951.HK,电力设备--电池--蓄电池及其他电池
华富建业金融,0952.HK,----
邵氏兄弟控股,0953.HK,----
常茂生物,0954.HK,----
新天绿色能源,0956.HK,公用事业--电力--风力发电
世纪娱乐国际,0959.HK,----
龙湖集团,0960.HK,房地产--房地产开发--住宅开发
中国太平,0966.HK,非银金融--保险Ⅱ--保险Ⅲ
信义光能,0968.HK,电力设备--光伏设备--光伏辅材
华联国际,0969.HK,----
新耀莱,0970.HK,----
中国顺客隆,0974.HK,----
MONGOL MINING,0975.HK,煤炭--煤炭开采--焦煤
齐合环保,0976.HK,环保--环境治理--固废治理
招商局置地,0978.HK,房地产--房地产开发--住宅开发
绿色能源科技集团,0979.HK,----
联华超市,0980.HK,----
中芯国际,0981.HK,电子--半导体--集成电路制造
瑞安建业,0983.HK,----
永旺,0984.HK,----
杜甫酒业集团,0986.HK,----
中国再生能源投资,0987.HK,----
中国长白山国际,0989.HK,房地产--房地产开发--住宅开发
至源控股,0990.HK,商贸零售--专业连锁Ⅱ--专业连锁Ⅲ
大唐发电,0991.HK,公用事业--电力--火力发电
联想集团,0992.HK,计算机--计算机设备--其他计算机设备
信控国际资本,0993.HK,----
中天宏信,0994.HK,----
安徽皖通高速公路,0995.HK,交通运输--铁路公路--高速公路
普汇中金国际,0997.HK,----
中信银行,0998.HK,银行--股份制银行Ⅱ--股份制银行Ⅲ
小菜园,0999.HK,社会服务--酒店餐饮--餐饮
北青传媒,1000.HK,----
沪港联合,1001.HK,----
威铖国际,1002.HK,----
欢喜传媒,1003.HK,----
中国智慧能源,1004.HK,----
MATRIX HOLDINGS,1005.HK,----
龙辉国际控股,1007.HK,----
力图控股,1008.HK,----
国际娱乐,1009.HK,----
天玺曜11,1010.HK,----
泰凌医药,1011.HK,----
伟俊集团控股,1013.HK,----
赛伯乐国际控股,1020.HK,----
飞鱼科技,1022.HK,----
时代集团控股,1023.HK,----
快手-W,1024.HK,传媒--数字媒体--视频媒体
嘉艺控股,1025.HK,----
环球实业科技,1026.HK,----
中国集成控股,1027.HK,----
千百度,1028.HK,纺织服饰--服装家纺--鞋帽及其他
铁货,1029.HK,----
新城发展,1030.HK,房地产--房地产开发--住宅开发
中石化油服,1033.HK,石油石化--油服工程--油田服务
万科海外,1036.HK,----
云智汇科技,1037.HK,----
长江基建集团,1038.HK,建筑装饰--基础建设--基建市政工程
畅由国际集团,1039.HK,----
恒安国际,1044.HK,美容护理--个护用品--生活用纸
亚太卫星,1045.HK,----
寰宇娱乐文化,1046.HK,----
毅兴行,1047.HK,----
时富投资,1049.HK,----
嘉利国际,1050.HK,----
国际资源,1051.HK,----
越秀交通基建,1052.HK,交通运输--铁路公路--高速公路
重庆钢铁股份,1053.HK,钢铁--普钢--板材
中国南方航空股份,1055.HK,交通运输--航空机场--航空运输
浙江世宝,1057.HK,汽车--汽车零部件--底盘与发动机系统
南粤控股,1058.HK,----
看通集团,1059.HK,----
大麦娱乐,1060.HK,传媒--影视院线--影视动漫制作
亿胜生物科技,1061.HK,----
国开国际投资,1062.HK,----
新确科技,1063.HK,----
中华国际,1064.HK,----
天津创业环保股份,1065.HK,环保--环境治理--水务及水治理
威高股份,1066.HK,医药生物--医疗器械--医疗耗材
雨润食品,1068.HK,----
中国健康科技集团,1069.HK,----
TCL电子,1070.HK,家用电器--黑色家电--彩电
华电国际电力股份,1071.HK,公用事业--电力--火力发电
东方电气,1072.HK,电力设备--其他电源设备Ⅱ--综合电力设备商
大禹金融,1073.HK,----
首都信息,1075.HK,----
松景科技,1079.HK,----
胜利管道,1080.HK,----
源宇宙教育,1082.HK,----
港华智慧能源,1083.HK,公用事业--燃气Ⅱ--燃气Ⅲ
绿新生物科技,1084.HK,----
亨鑫科技,1085.HK,----
好孩子国际,1086.HK,商贸零售--专业连锁Ⅱ--专业连锁Ⅲ
威讯控股,1087.HK,----
中国神华,1088.HK,煤炭--煤炭开采--动力煤
大明国际,1090.HK,----
南方锰业,1091.HK,----
石药集团,1093.HK,医药生物--化学制药--化学制剂
承辉国际,1094.HK,----
有线宽频,1097.HK,传媒--电视广播Ⅱ--电视广播Ⅲ
路劲,1098.HK,房地产--房地产开发--住宅开发
国药控股,1099.HK,医药生物--医药商业--医药流通
飞达控股,1100.HK,----
华荣能源,1101.HK,----
环能国际,1102.HK,----
亚太资源,1104.HK,----
星岛,1105.HK,----
当代置业,1107.HK,----
凯盛新能,1108.HK,建筑材料--玻璃玻纤--玻璃制造
华润置地,1109.HK,房地产--房地产开发--住宅开发
金活医药集团,1110.HK,----
华视集团控股,1111.HK,----
H&H国际控股,1112.HK,食品饮料--食品加工--保健品
长实集团,1113.HK,房地产--房地产开发--住宅开发
华晨中国,1114.HK,汽车--乘用车--综合乘用车
5100藏冰川,1115.HK,食品饮料--饮料乳品--软饮料
慧源同创科技,1116.HK,----
现代牧业,1117.HK,食品饮料--饮料乳品--乳品
高力集团,1118.HK,----
创梦天地,1119.HK,传媒--游戏Ⅱ--游戏Ⅲ
雅视光学,1120.HK,----
金阳新能源,1121.HK,纺织服饰--纺织制造--纺织鞋类制造
庆铃汽车股份,1122.HK,----
中港照相,1123.HK,----
沿海家园,1124.HK,----
丽丰控股,1125.HK,----
德林国际,1126.HK,----
狮子山集团,1127.HK,----
永利澳门,1128.HK,社会服务--旅游及景区--博彩
中国水业集团,1129.HK,----
中国环境资源,1130.HK,----
橙天嘉禾,1132.HK,----
哈尔滨电气,1133.HK,----
恒发光学,1134.HK,----
香港科技探索,1137.HK,商贸零售--互联网电商--综合电商
中远海能,1138.HK,交通运输--航运港口--航运
华科智能投资,1140.HK,非银金融--多元金融--资产管理
民银资本,1141.HK,非银金融--多元金融--其他多元金融
能源及能量环球,1142.HK,----
中国储能科技发展,1143.HK,----
勇利投资,1145.HK,----
汇成国际控股,1146.HK,----
伊登软件,1147.HK,----
新晨动力,1148.HK,----
米兰站,1150.HK,----
正乾金融控股,1152.HK,----
佳源服务,1153.HK,----
中科天元,1156.HK,----
中联重科,1157.HK,机械设备--工程机械--工程机械整机
智数科技集团,1159.HK,----
金石资本集团,1160.HK,----
奥思集团,1161.HK,----
莹岚集团,1162.HK,----
虎视传媒,1163.HK,----
中广核矿业,1164.HK,有色金属--小金属--其他小金属
顺风清洁能源,1165.HK,----
星凯控股,1166.HK,----
加科思-B,1167.HK,医药生物--生物制品--其他生物制品
Z FIN,1168.HK,----
信星集团,1170.HK,----
兖矿能源,1171.HK,煤炭--煤炭开采--动力煤
融太集团,1172.HK,----
威高国际,1173.HK,----
珠光控股,1176.HK,房地产--房地产开发--住宅开发
中国生物制药,1177.HK,医药生物--化学制药--化学制剂
华住集团-S,1179.HK,社会服务--酒店餐饮--酒店
汇彩控股,1180.HK,----
唐宫中国,1181.HK,----
胜龙国际,1182.HK,----
澳能建设,1183.HK,----
S.A.S. DRAGON,1184.HK,----
中国铁建,1186.HK,建筑装饰--基础建设--基建市政工程
正道集团,1188.HK,----
大湾区聚变力量,1189.HK,----
华润燃气,1193.HK,公用事业--燃气Ⅱ--燃气Ⅲ
京维集团,1195.HK,----
伟禄集团,1196.HK,轻工制造--包装印刷--印刷
皇朝家居,1198.HK,----
中远海运港口,1199.HK,交通运输--航运港口--港口
美联集团,1200.HK,----
天臣控股,1201.HK,----
四威科技,1202.HK,----
广南(集团),1203.HK,----
博维智慧,1204.HK,----
中信资源,1205.HK,石油石化--炼化及贸易--油品石化贸易
同方泰德,1206.HK,----
五矿资源,1208.HK,有色金属--工业金属--铜
华润万象生活,1209.HK,房地产--房地产服务--物业管理
比亚迪股份,1211.HK,汽车--乘用车--电动乘用车
万保刚集团,1213.HK,----
开源控股,1215.HK,----
中原银行,1216.HK,----
中国创新投资,1217.HK,----
永义国际,1218.HK,----
志道国际,1220.HK,----
SINO HOTELS,1221.HK,----
宏安集团,1222.HK,----
新沣集团,1223.HK,----
中渝置地,1224.HK,----
隆成金融,1225.HK,----
中国投融资,1226.HK,----
北海康成-B,1228.HK,----
南南资源,1229.HK,----
新矿资源,1231.HK,----
金轮天地控股,1232.HK,----
时代中国控股,1233.HK,房地产--房地产开发--住宅开发
中国利郎,1234.HK,纺织服饰--服装家纺--非运动服装
专业旅运,1235.HK,----
中科生物,1237.HK,----
宝龙地产,1238.HK,房地产--房地产开发--商业地产
TEAMWAY INTL GP,1239.HK,----
青建国际,1240.HK,----
双桦控股,1241.HK,----
宏安地产,1243.HK,----
思路迪医药股份,1244.HK,医药生物--生物制品--其他生物制品
NIRAKU,1245.HK,----
保集健康,1246.HK,----
米格国际控股,1247.HK,----
山高新能源,1250.HK,公用事业--电力--电能综合服务
华油能源,1251.HK,----
中国天瑞水泥,1252.HK,----
绿博生态,1253.HK,----
TATA健康,1255.HK,----
中国光大绿色环保,1257.HK,环保--环境治理--固废治理
中国有色矿业,1258.HK,有色金属--工业金属--铜
未来发展控股,1259.HK,----
皓天财经集团,1260.HK,----
蜡笔小新食品,1262.HK,----
栢能集团,1263.HK,----
天津津燃公用,1265.HK,----
美东汽车,1268.HK,汽车--汽车服务--汽车经销商
首控集团,1269.HK,汽车--汽车零部件--底盘与发动机系统
朗廷-SS,1270.HK,----
佳明集团控股,1271.HK,----
大唐环境,1272.HK,----
香港信贷,1273.HK,----
知行科技,1274.HK,计算机--软件开发--垂直应用软件
恒瑞医药,1276.HK,医药生物--化学制药--化学制剂
力量发展,1277.HK,煤炭--煤炭开采--动力煤
中国新城镇,1278.HK,----
奇点国峰,1280.HK,----
鑫达投资控股,1281.HK,----
中泽丰,1282.HK,非银金融--多元金融--其他多元金融
高升集团控股,1283.HK,----
新传企划,1284.HK,----
嘉士利集团,1285.HK,----
鹰普精密,1286.HK,机械设备--通用设备--金属制品
农业银行,1288.HK,银行--国有大型银行Ⅱ--国有大型银行Ⅲ
盛力达科技,1289.HK,----
中国汇融,1290.HK,----
长安民生物流,1292.HK,----
广汇宝信,1293.HK,汽车--汽车服务--汽车经销商
云能国际,1298.HK,----
友邦保险,1299.HK,非银金融--保险Ⅱ--保险Ⅲ
俊知集团,1300.HK,----
德基科技控股,1301.HK,----
先健科技,1302.HK,医药生物--医疗器械--医疗耗材
汇力资源,1303.HK,----
峰岹科技,1304.HK,电子--半导体--数字芯片设计
伟志控股,1305.HK,----
海丰国际,1308.HK,交通运输--航运港口--航运
香港宽频,1310.HK,通信--通信服务--电信运营商
华控康泰,1312.HK,----
华润建材科技,1313.HK,建筑材料--水泥--水泥制造
翠华控股,1314.HK,----
绿色经济,1315.HK,建筑装饰--房屋建设Ⅱ--房屋建设Ⅲ
耐世特,1316.HK,汽车--汽车零部件--底盘与发动机系统
枫叶教育,1317.HK,社会服务--教育--学历教育
毛戈平,1318.HK,美容护理--化妆品--品牌化妆品
霭华押业信贷,1319.HK,----
中国新城市,1321.HK,----
华盛国际控股,1323.HK,----
传递娱乐,1326.HK,----
励时集团,1327.HK,----
金涌投资,1328.HK,----
绿色动力环保,1330.HK,环保--环境治理--固废治理
透云生物,1332.HK,----
博雷顿,1333.HK,机械设备--工程机械--工程机械整机
瑞昌国际控股,1334.HK,----
顺泰控股,1335.HK,----
新华保险,1336.HK,非银金融--保险Ⅱ--保险Ⅲ
霸王集团,1338.HK,----
中国人民保险集团,1339.HK,非银金融--保险Ⅱ--保险Ⅲ
惠生国际,1340.HK,----
昊天国际建投,1341.HK,机械设备--工程机械--工程机械整机
伟源控股,1343.HK,----
上海先锋控股,1345.HK,----
利华控股集团,1346.HK,----
华虹半导体,1347.HK,电子--半导体--集成电路制造
滉达富控股,1348.HK,----
复旦张江,1349.HK,医药生物--化学制药--化学制剂
辉煌明天,1351.HK,----
经发物业,1354.HK,----
朸濬国际,1355.HK,----
美图公司,1357.HK,计算机--软件开发--垂直应用软件
普华和顺,1358.HK,----
中国信达,1359.HK,非银金融--多元金融--资产管理
361度,1361.HK,纺织服饰--服装家纺--运动服装
新龙移动,1362.HK,----
古茗,1364.HK,社会服务--酒店餐饮--餐饮
特步国际,1368.HK,纺织服饰--服装家纺--运动服装
奥威控股,1370.HK,----
中国生态旅游,1371.HK,----
中国碳中和,1372.HK,----
国际家居零售,1373.HK,----
中州证券,1375.HK,非银金融--证券Ⅱ--证券Ⅲ
RAFFLESINTERIOR,1376.HK,----
中国宏桥,1378.HK,有色金属--工业金属--铝
温岭工量刃具,1379.HK,----
中国金石,1380.HK,----
互太纺织,1382.HK,纺织服饰--纺织制造--棉纺
滴普科技,1384.HK,----
上海复旦,1385.HK,电子--半导体--数字芯片设计
安莉芳控股,1388.HK,----
美捷汇控股,1389.HK,----
恒鼎实业,1393.HK,----
强泰环保,1395.HK,----
粤港湾控股,1396.HK,----
碧瑶绿色集团,1397.HK,----
工商银行,1398.HK,银行--国有大型银行Ⅱ--国有大型银行Ⅲ
锐信控股,1399.HK,----
满地科技股份,1400.HK,----
未来机器有限公司,1401.HK,----
超智能控股,1402.HK,----
达势股份,1405.HK,社会服务--酒店餐饮--餐饮
清晰医疗,1406.HK,----
交运燃气,1407.HK,----
濠江机电,1408.HK,----
安领国际,1410.HK,----
隽思集团,1412.HK,----
铸帝控股,1413.HK,----
高伟电子,1415.HK,电子--消费电子--消费电子零部件及组装
CTR HOLDINGS,1416.HK,----
浦江中国,1417.HK,----
盛诺集团,1418.HK,----
盈健医疗,1419.HK,----
川控股,1420.HK,----
恒昌集团国际,1421.HK,----
捷隆控股,1425.HK,----
中国天保集团,1427.HK,----
耀才证券金融,1428.HK,----
天任集团,1429.HK,----
原生态牧业,1431.HK,----
中国圣牧,1432.HK,食品饮料--饮料乳品--乳品
常达控股,1433.HK,----
应星控股,1440.HK,----
鹰辉物流,1442.HK,----
富临集团控股,1443.HK,----
鸿福堂,1446.HK,----
新福港,1447.HK,----
福寿园,1448.HK,社会服务--专业服务--其他专业服务
立德教育,1449.HK,----
交个朋友控股,1450.HK,----
万成集团股份,1451.HK,----
迪诺斯环保,1452.HK,----
科利实业控股,1455.HK,----
国联民生,1456.HK,非银金融--证券Ⅱ--证券Ⅲ
周黑鸭,1458.HK,食品饮料--休闲食品--熟食
巨匠建设,1459.HK,----
扬科集团,1460.HK,----
中泰期货,1461.HK,----
C-LINK SQ,1463.HK,----
佰金生命科学,1466.HK,----
嘉高达资本,1468.HK,非银金融--证券Ⅱ--证券Ⅲ
富一国际控股,1470.HK,----
众淼控股,1471.HK,----
生兴控股,1472.HK,----
环联连讯,1473.HK,----
日清食品,1475.HK,食品饮料--休闲食品--烘焙食品
金融街证券,1476.HK,----
欧康维视生物-B,1477.HK,医药生物--生物制品--其他生物制品
丘钛科技,1478.HK,电子--光学光电子--光学元件
恩达集团控股,1480.HK,----
竣球控股,1481.HK,----
网誉科技,1483.HK,----
思城控股,1486.HK,----
百福控股,1488.HK,----
GC CONSTRUCTION,1489.HK,----
车市科技,1490.HK,----
集一控股,1495.HK,----
亚积邦租赁,1496.HK,----
燕之屋,1497.HK,----
培力农本方,1498.HK,----
欧科云链,1499.HK,----
现恒建筑,1500.HK,----
瑛泰医疗,1501.HK,----
金融街物业,1502.HK,----
中国再保险,1508.HK,非银金融--保险Ⅱ--保险Ⅲ
丽珠医药,1513.HK,医药生物--化学制药--化学制剂
华润医疗,1515.HK,医药生物--医疗服务--医院
融创服务,1516.HK,房地产--房地产服务--物业管理
新世纪医疗,1518.HK,----
极兔速递-W,1519.HK,交通运输--物流--快递
天机控股,1520.HK,----
方达控股,1521.HK,医药生物--医疗服务--医疗研发外包
京投交通科技,1522.HK,----
珩湾科技,1523.HK,----
建桥教育,1525.HK,----
瑞慈医疗,1526.HK,----
天洁环境,1527.HK,----
红星美凯龙,1528.HK,商贸零售--一般零售--商业物业经营
乐氏国际控股,1529.HK,----
三生制药,1530.HK,医药生物--生物制品--其他生物制品
中国派对文化,1532.HK,----
煜荣集团,1536.HK,----
中奥到家,1538.HK,----
知行集团控股,1539.HK,----
澳狮环球,1540.HK,----
宜明昂科-B,1541.HK,医药生物--生物制品--其他生物制品
台州水务,1542.HK,----
中盈盛达融资担保,1543.HK,----
设计都会,1545.HK,----
德莱建业,1546.HK,----
IBI GROUP HLDGS,1547.HK,----
金斯瑞生物科技,1548.HK,医药生物--生物制品--其他生物制品
永丰集团控股,1549.HK,----
广州农商银行,1551.HK,银行--农商行Ⅱ--农商行Ⅲ
BHCC HOLDING,1552.HK,----
迈科管业,1553.HK,----
MI能源,1555.HK,----
建业建荣,1556.HK,----
剑虹集团控股,1557.HK,----
均安控股,1559.HK,----
星星集团,1560.HK,----
联洋智能控股,1561.HK,----
友联国际教育租赁,1563.HK,社会服务--教育--学历教育
成实外教育,1565.HK,----
华夏文化科技,1566.HK,----
承达集团,1568.HK,----
民生教育,1569.HK,社会服务--教育--学历教育
伟业控股,1570.HK,----
信邦控股,1571.HK,----
中国艺术金融,1572.HK,----
皇庭智家,1575.HK,----
齐鲁高速,1576.HK,----
汇鑫小贷,1577.HK,----
天津银行,1578.HK,----
颐海国际,1579.HK,食品饮料--调味发酵品Ⅱ--调味发酵品Ⅲ
大森控股,1580.HK,----
进升集团控股,1581.HK,----
华营建筑,1582.HK,----
亲亲食品,1583.HK,----
雅迪控股,1585.HK,汽车--摩托车及其他--摩托车
力鸿检验,1586.HK,----
欣融国际,1587.HK,----
畅捷通,1588.HK,----
汛和集团,1591.HK,----
基石控股,1592.HK,----
辰林教育,1593.HK,----
翼辰实业,1596.HK,----
纳泉能源科技,1597.HK,----
21世纪教育,1598.HK,----
城建设计,1599.HK,----
天伦燃气,1600.HK,公用事业--燃气Ⅱ--燃气Ⅲ
中关村科技租赁,1601.HK,----
国银金租,1606.HK,----
伟能集团,1608.HK,电力设备--其他电源设备Ⅱ--其他电源设备Ⅲ
中粮家佳康,1610.HK,食品饮料--食品加工--肉制品
新火科技控股,1611.HK,----
永胜医疗,1612.HK,----
协同通信,1613.HK,----
奥邦建筑,1615.HK,----
一元宇宙,1616.HK,----
南方通信,1617.HK,----
中国中冶,1618.HK,建筑装饰--专业工程--其他专业工程
富盈环球集团,1620.HK,----
域高国际控股,1621.HK,----
力高集团,1622.HK,房地产--房地产开发--住宅开发
海隆控股,1623.HK,----
嘉耀控股,1626.HK,----
安保工程控股,1627.HK,----
禹洲集团,1628.HK,房地产--房地产开发--住宅开发
冠均国际控股,1629.HK,----
建成控股,1630.HK,----
REF HOLDINGS,1631.HK,----
民商创科,1632.HK,----
上谕集团,1633.HK,----
大众公用,1635.HK,公用事业--燃气Ⅱ--燃气Ⅲ
中国金属利用,1636.HK,有色金属--工业金属--铜
顺兴集团控股,1637.HK,----
佳兆业集团,1638.HK,房地产--房地产开发--住宅开发
千循科技,1640.HK,----
现代中药集团,1643.HK,----
海纳智能,1645.HK,----
雄岸科技,1647.HK,----
HYGIEIA GROUP,1650.HK,----
津上机床中国,1651.HK,----
福森药业,1652.HK,----
MOS HOUSE,1653.HK,----
OKURA HOLDINGS,1655.HK,----
亿仕登控股,1656.HK,----
桦欣控股,1657.HK,----
邮储银行,1658.HK,银行--国有大型银行Ⅱ--国有大型银行Ⅲ
七元投资,1660.HK,----
中国前沿科技集团,1661.HK,----
义合控股,1662.HK,----
汉港控股,1663.HK,----
同仁堂科技,1666.HK,医药生物--中药Ⅱ--中药Ⅲ
迪米生活控股,1667.HK,----
华南城,1668.HK,房地产--房地产开发--产业地产
环球信贷集团,1669.HK,----
天保能源,1671.HK,----
歌礼制药-B,1672.HK,----
华章科技,1673.HK,----
亚信科技,1675.HK,计算机--软件开发--垂直应用软件
高地股份,1676.HK,----
瑞斯康集团,1679.HK,----
澳门励骏,1680.HK,社会服务--旅游及景区--博彩
康臣药业,1681.HK,医药生物--中药Ⅱ--中药Ⅲ
杭品生活科技,1682.HK,----
旷逸国际,1683.HK,----
博耳电力,1685.HK,----
新意网集团,1686.HK,计算机--IT服务Ⅱ--IT服务Ⅲ
华禧控股,1689.HK,----
立基工程控股,1690.HK,----
JS环球生活,1691.HK,家用电器--小家电--清洁小家电
登辉控股,1692.HK,----
璋利国际,1693.HK,----
椰丰集团,1695.HK,----
复锐医疗科技,1696.HK,----
山东国信,1697.HK,----
腾讯音乐-SW,1698.HK,传媒--数字媒体--音频媒体
途屹控股,1701.HK,----
东光化工,1702.HK,----
维力生活科技,1703.HK,----
宾仕国际,1705.HK,----
致浩达控股,1707.HK,----
三宝科技,1708.HK,----
德林控股,1709.HK,非银金融--多元金融--其他多元金融
致丰工业电子,1710.HK,----
欧化,1711.HK,----
龙资源,1712.HK,----
四川能投发展,1713.HK,----
智慧健康科技,1715.HK,----
毛记葵涌,1716.HK,----
澳优,1717.HK,食品饮料--饮料乳品--乳品
宏基集团控股,1718.HK,----
中国通商集团,1719.HK,----
普天通信集团,1720.HK,----
FSM HOLDINGS,1721.HK,----
建鹏控股,1722.HK,----
恒月控股,1723.HK,----
中国技术集团,1725.HK,电子--半导体--集成电路制造
HKE HOLDINGS,1726.HK,----
河北建设,1727.HK,----
正通汽车,1728.HK,汽车--汽车服务--汽车经销商
汇聚科技,1729.HK,电力设备--电网设备--线缆部件及其他
其利工业集团,1731.HK,----
象兴国际,1732.HK,----
易大宗,1733.HK,----
中环新能源,1735.HK,建筑装饰--专业工程--其他专业工程
中国育儿网络,1736.HK,----
亚洲实业集团,1737.HK,----
飞尚无烟煤,1738.HK,----
齐屹科技,1739.HK,----
新石文化,1740.HK,----
成志控股,1741.HK,----
HPC HOLDINGS,1742.HK,----
驴迹科技,1745.HK,----
万顺集团控股,1746.HK,----
HOME CONTROL,1747.HK,----
信源企业集团,1748.HK,----
杉杉品牌,1749.HK,----
全达电器集团控股,1750.HK,----
景联集团,1751.HK,----
澳洲成峰高教,1752.HK,----
兑吧,1753.HK,----
新城悦服务,1755.HK,房地产--房地产服务--物业管理
中国科教产业,1756.HK,----
俊裕地基,1757.HK,----
博骏教育,1758.HK,----
中油洁能控股,1759.HK,----
英恒科技,1760.HK,----
万咖壹联,1762.HK,----
中国同辐,1763.HK,----
希教国际控股,1765.HK,社会服务--教育--学历教育
中国中车,1766.HK,机械设备--轨交设备Ⅱ--轨交设备Ⅲ
TS WONDERS,1767.HK,----
思考乐教育,1769.HK,社会服务--教育--培训教育
新丰泰集团,1771.HK,----
赣锋锂业,1772.HK,有色金属--能源金属--锂
天立国际控股,1773.HK,社会服务--教育--学历教育
精英汇集团,1775.HK,----
广发证券,1776.HK,非银金融--证券Ⅱ--证券Ⅲ
花样年控股,1777.HK,房地产--房地产开发--住宅开发
彩生活,1778.HK,房地产--房地产服务--物业管理
荣尊国际控股,1780.HK,----
国际商业数字技术,1782.HK,----
晋景新能,1783.HK,建筑装饰--房屋建设Ⅱ--房屋建设Ⅲ
成都高速,1785.HK,----
铁建装备,1786.HK,----
山东黄金,1787.HK,有色金属--贵金属--黄金
国泰君安国际,1788.HK,非银金融--证券Ⅱ--证券Ⅲ
爱康医疗,1789.HK,医药生物--医疗器械--医疗耗材
达力环保,1790.HK,----
CMON,1792.HK,----
伟工控股,1793.HK,----
亚东集团,1795.HK,----
中国数智科技,1796.HK,----
东方甄选,1797.HK,社会服务--教育--培训教育
大唐新能源,1798.HK,公用事业--电力--风力发电
新特能源,1799.HK,电力设备--光伏设备--硅料硅片
中国交通建设,1800.HK,建筑装饰--基础建设--基建市政工程
信达生物,1801.HK,医药生物--生物制品--其他生物制品
文业集团,1802.HK,----
北京体育文化,1803.HK,----
企展控股,1808.HK,----
浦林成山,1809.HK,----
小米集团-W,1810.HK,电子--消费电子--品牌消费电子
中广核新能源,1811.HK,公用事业--电力--核力发电
晨鸣纸业,1812.HK,轻工制造--造纸--大宗用纸
合景泰富集团,1813.HK,房地产--房地产开发--住宅开发
珠峰黄金,1815.HK,----
中广核电力,1816.HK,公用事业--电力--核力发电
慕尚集团控股,1817.HK,纺织服饰--服装家纺--非运动服装
招金矿业,1818.HK,有色金属--贵金属--黄金
济丰包装,1820.HK,----
中木国际,1822.HK,----
华昱高速,1823.HK,----
STERLING GP,1825.HK,----
丰展控股,1826.HK,----
卓珈控股,1827.HK,----
富卫集团,1828.HK,----
完美医疗,1830.HK,----
十方控股,1831.HK,----
海天地悦旅,1832.HK,----
平安好医生,1833.HK,医药生物--医药商业--互联网药店
瑞威资管,1835.HK,----
九兴控股,1836.HK,纺织服饰--服装家纺--鞋帽及其他
五谷磨房,1837.HK,----
优越集团控股,1841.HK,----
植华集团,1842.HK,----
快餐帝国,1843.HK,----
维港环保科技,1845.HK,----
德视佳,1846.HK,----
云南建投混凝土,1847.HK,----
中国飞机租赁,1848.HK,非银金融--多元金融--租赁
秀商时代控股,1849.HK,----
鸿盛昌资源,1850.HK,----
银杏教育,1851.HK,----
春城热力,1853.HK,----
中国万天控股,1854.HK,----
中庆股份,1855.HK,建筑装饰--基础建设--园林工程
依波路,1856.HK,----
中国光大水务,1857.HK,----
春立医疗,1858.HK,医药生物--医疗器械--医疗耗材
汇量科技,1860.HK,传媒--广告营销--营销代理
保宝龙科技,1861.HK,----
景瑞控股,1862.HK,----
中国龙天集团,1863.HK,----
鹏高控股集团,1865.HK,----
中国心连心化肥,1866.HK,----
标准发展集团,1867.HK,----
同方友友,1868.HK,----
猫屎咖啡控股,1869.HK,----
益美国际控股,1870.HK,----
向中国际,1871.HK,----
冠轈控股,1872.HK,----
维亚生物,1873.HK,医药生物--医疗服务--医疗研发外包
东曜药业-B,1875.HK,----
百威亚太,1876.HK,食品饮料--非白酒--啤酒
君实生物,1877.HK,医药生物--生物制品--其他生物制品
南戈壁,1878.HK,----
中国中免,1880.HK,商贸零售--旅游零售Ⅱ--旅游零售Ⅲ
海天国际,1882.HK,机械设备--专用设备--其他专用设备
中信国际电讯,1883.HK,通信--通信服务--电信运营商
EPRINT集团,1884.HK,----
建滔积层板,1888.HK,电子--元件--印制电路板
三爱健康集团,1889.HK,----
中国科培,1890.HK,社会服务--教育--学历教育
兴合控股,1891.HK,----
恒益控股,1894.HK,----
鑫苑服务,1895.HK,----
猫眼娱乐,1896.HK,商贸零售--互联网电商--综合电商
美亨实业,1897.HK,----
中煤能源,1898.HK,煤炭--煤炭开采--动力煤
兴达国际,1899.HK,----
中国智能交通,1900.HK,----
飞扬集团,1901.HK,----
JBB BUILDERS,1903.HK,----
海通恒信,1905.HK,非银金融--多元金融--租赁
博尼控股,1906.HK,----
中国旭阳集团,1907.HK,煤炭--焦炭Ⅱ--焦炭Ⅲ
建发国际集团,1908.HK,房地产--房地产开发--住宅开发
火岩控股,1909.HK,传媒--游戏Ⅱ--游戏Ⅲ
新秀丽,1910.HK,轻工制造--文娱用品--娱乐用品
华兴资本控股,1911.HK,非银金融--多元金融--资产管理
康特隆,1912.HK,----
普拉达,1913.HK,----
泰和小贷,1915.HK,----
江西银行,1916.HK,银行--城商行Ⅱ--城商行Ⅲ
豆盟科技,1917.HK,----
融创中国,1918.HK,房地产--房地产开发--住宅开发
中远海控,1919.HK,交通运输--航运港口--航运
中国网成,1920.HK,----
达力普控股,1921.HK,石油石化--油服工程--油田服务
瑞森生活服务,1922.HK,----
旷世芳香,1925.HK,----
久久王,1927.HK,----
金沙中国有限公司,1928.HK,社会服务--旅游及景区--博彩
周大福,1929.HK,纺织服饰--饰品--钟表珠宝
勋龙,1930.HK,----
华检医疗,1931.HK,----
中漆集团,1932.HK,----
元力控股,1933.HK,----
嘉宏教育,1935.HK,----
利特米,1936.HK,----
佳辰控股,1937.HK,----
珠江钢管,1938.HK,----
上善黄金,1939.HK,----
CGII HLDGS,1940.HK,----
烨星集团,1941.HK,----
马可数字科技,1942.HK,计算机--IT服务Ⅱ--IT服务Ⅲ
金石控股集团,1943.HK,----
清科控股,1945.HK,----
美皓集团,1947.HK,----
优矩控股,1948.HK,----
佰达国际控股,1949.HK,----
帝王实业控股,1950.HK,----
锦欣生殖,1951.HK,医药生物--医疗服务--医院
云顶新耀,1952.HK,医药生物--生物制品--其他生物制品
RIMBACO,1953.HK,----
庄臣控股,1955.HK,----
大人国际,1957.HK,----
北京汽车,1958.HK,汽车--乘用车--综合乘用车
世纪联合控股,1959.HK,----
TBKS HLDGS,1960.HK,----
多牛科技,1961.HK,----
训修实业,1962.HK,----
重庆银行,1963.HK,银行--城商行Ⅱ--城商行Ⅲ
朗诗绿色生活,1965.HK,----
中骏集团控股,1966.HK,房地产--房地产开发--住宅开发
信恳智能,1967.HK,----
兴纺控股,1968.HK,----
中国春来,1969.HK,社会服务--教育--学历教育
IMAX CHINA,1970.HK,传媒--影视院线--院线
弘阳服务,1971.HK,----
太古地产,1972.HK,房地产--房地产开发--商业地产
天图投资,1973.HK,----
新兴印刷,1975.HK,----
安乐工程,1977.HK,----
叙福楼集团,1978.HK,----
天宝集团,1979.HK,----
天鸽互动,1980.HK,传媒--数字媒体--视频媒体
华夏控股,1981.HK,社会服务--教育--培训教育
南旋控股,1982.HK,----
泸州银行,1983.HK,----
美高域,1985.HK,----
彩客新能源,1986.HK,----
BENG SOON MACH,1987.HK,----
民生银行,1988.HK,银行--股份制银行Ⅱ--股份制银行Ⅲ
大洋集团,1991.HK,----
雅仕维,1993.HK,----
永升服务,1995.HK,房地产--房地产服务--物业管理
弘阳地产,1996.HK,房地产--房地产开发--住宅开发
九龙仓置业,1997.HK,房地产--房地产开发--商业地产
敏华控股,1999.HK,轻工制造--家居用品--成品家居
晨讯科技,2000.HK,----
新高教集团,2001.HK,社会服务--教育--学历教育
阳光纸业,2002.HK,----
维信金科,2003.HK,非银金融--多元金融--金融信息服务
石四药集团,2005.HK,医药生物--化学制药--原料药
碧桂园,2007.HK,房地产--房地产开发--住宅开发
凤凰卫视,2008.HK,----
金隅集团,2009.HK,建筑材料--水泥--水泥制造
进腾集团,2011.HK,----
阳光油砂,2012.HK,----
微盟集团,2013.HK,传媒--广告营销--营销代理
理想汽车-W,2015.HK,汽车--乘用车--电动乘用车
浙商银行,2016.HK,银行--股份制银行Ⅱ--股份制银行Ⅲ
沧海控股,2017.HK,----
瑞声科技,2018.HK,电子--消费电子--消费电子零部件及组装
德信中国,2019.HK,房地产--房地产开发--住宅开发
安踏体育,2020.HK,纺织服饰--服装家纺--运动服装
游莱互动,2022.HK,----
中国绿岛科技,2023.HK,----
瑞丰动力,2025.HK,----
小马智行-W,2026.HK,----
映美控股,2028.HK,----
卡宾,2030.HK,----
澳至尊,2031.HK,----
时计宝,2033.HK,----
富智康集团,2038.HK,电子--消费电子--消费电子零部件及组装
中集集团,2039.HK,机械设备--通用设备--金属制品
易居企业控股,2048.HK,房地产--房地产服务--房产租赁经纪
三花智控,2050.HK,家用电器--家电零部件Ⅱ--家电零部件Ⅲ
VALA,2051.HK,非银金融--多元金融--金融信息服务
中通快递-W,2057.HK,交通运输--物流--快递
中铝国际,2068.HK,建筑装饰--专业工程--其他专业工程
BOSS直聘-W,2076.HK,----
荣阳实业,2078.HK,----
奥克斯国际,2080.HK,----
高维科技,2086.HK,----
西王置业,2088.HK,----
先声药业,2096.HK,医药生物--化学制药--化学制剂
蜜雪集团,2097.HK,社会服务--酒店餐饮--餐饮
卓尔智联,2098.HK,----
中国黄金国际,2099.HK,有色金属--工业金属--铜
百奥家庭互动,2100.HK,----
福禄控股,2101.HK,----
德利机械,2102.HK,----
来凯医药-B,2105.HK,医药生物--生物制品--其他生物制品
第一服务控股,2107.HK,----
K2 F&B,2108.HK,----
天成控股,2110.HK,----
超盈国际控股,2111.HK,纺织服饰--纺织制造--其他纺织
恩典生命科技,2112.HK,----
世纪集团国际,2113.HK,----
江苏创新,2116.HK,----
捷荣国际控股,2119.HK,----
康宁医院,2120.HK,----
创新奇智,2121.HK,计算机--IT服务Ⅱ--IT服务Ⅲ
凯知乐国际,2122.HK,----
稻草熊娱乐,2125.HK,----
药明巨诺-B,2126.HK,医药生物--生物制品--其他生物制品
汇森股份,2127.HK,----
中国联塑,2128.HK,建筑材料--装修建材--管材
LEGION CONSO,2129.HK,----
嘉泓物流,2130.HK,----
云想科技,2131.HK,----
誉燊丰控股,2132.HK,----
瑞丽医美,2135.HK,----
利福中国,2136.HK,----
腾盛博药-B,2137.HK,医药生物--生物制品--其他生物制品
医思健康,2138.HK,美容护理--医疗美容--医美服务
甘肃银行,2139.HK,----
和铂医药-B,2142.HK,医药生物--生物制品--其他生物制品
上美股份,2145.HK,美容护理--化妆品--品牌化妆品
荣万家,2146.HK,----
正味集团,2147.HK,----
贝克微,2149.HK,----
奈雪的茶,2150.HK,社会服务--酒店餐饮--餐饮
苏新服务,2152.HK,----
达丰设备,2153.HK,----
森松国际,2155.HK,机械设备--自动化设备--其他自动化设备
建发物业,2156.HK,房地产--房地产服务--物业管理
乐普生物-B,2157.HK,医药生物--生物制品--其他生物制品
医渡科技,2158.HK,医药生物--医疗服务--诊断服务
麦迪卫康,2159.HK,----
微创心通-B,2160.HK,医药生物--医疗器械--医疗耗材
健倍苗苗,2161.HK,----
康诺亚-B,2162.HK,医药生物--生物制品--其他生物制品
远大住工,2163.HK,----
领悦服务集团,2165.HK,----
芯智控股,2166.HK,----
天润云,2167.HK,----
佳兆业美好,2168.HK,----
沧港铁路,2169.HK,交通运输--铁路公路--铁路运输
贝康医疗-B,2170.HK,----
科济药业-B,2171.HK,医药生物--生物制品--其他生物制品
微创脑科学,2172.HK,医药生物--医疗器械--医疗耗材
中国通才教育,2175.HK,----
赛迪顾问,2176.HK,----
优趣汇控股,2177.HK,----
百勤油服,2178.HK,----
瑞科生物-B,2179.HK,----
万宝盛华,2180.HK,----
迈博药业-B,2181.HK,----
天长集团,2182.HK,----
百心安-B,2185.HK,----
绿叶制药,2186.HK,医药生物--化学制药--化学制剂
智欣集团控股,2187.HK,----
泰坦能源技术,2188.HK,----
嘉涛(香港)控股,2189.HK,----
归创通桥,2190.HK,----
医脉通,2192.HK,医药生物--医药商业--互联网药店
万景控股,2193.HK,----
盈汇企业控股,2195.HK,----
复星医药,2196.HK,医药生物--化学制药--化学制剂
三叶草生物-B,2197.HK,医药生物--生物制品--疫苗
中国三江化工,2198.HK,----
维珍妮,2199.HK,纺织服饰--服装家纺--鞋帽及其他
万科企业,2202.HK,房地产--房地产开发--住宅开发
脑洞科技,2203.HK,----
康桥悦生活,2205.HK,----
金风科技,2208.HK,电力设备--风电设备--风电整机
喆丽控股,2209.HK,----
京城佳业,2210.HK,----
大健康国际,2211.HK,----
高鹏矿业,2212.HK,----
德信服务集团,2215.HK,----
堃博医疗-B,2216.HK,----
安德利果汁,2218.HK,农林牧渔--农产品加工--果蔬加工
朝聚眼科,2219.HK,----
创业集团控股,2221.HK,----
雷士国际,2222.HK,----
卡撒天娇,2223.HK,----
今海医疗科技,2225.HK,----
老恒和酿造,2226.HK,----
守益控股,2227.HK,----
晶泰控股,2228.HK,医药生物--医疗服务--医疗研发外包
羚邦集团,2230.HK,----
景业名邦集团,2231.HK,----
晶苑国际,2232.HK,纺织服饰--服装家纺--非运动服装
西部水泥,2233.HK,建筑材料--水泥--水泥制造
微泰医疗-B,2235.HK,----
惠生工程,2236.HK,----
中国石墨,2237.HK,----
广汽集团,2238.HK,汽车--乘用车--综合乘用车
国微控股,2239.HK,----
力勤资源,2245.HK,----
快狗打车,2246.HK,社会服务--本地生活服务Ⅱ--本地生活服务Ⅲ
小黄鸭德盈,2250.HK,----
鹰瞳科技-B,2251.HK,----
微创机器人-B,2252.HK,医药生物--医疗器械--医疗设备
海昌海洋公园,2255.HK,社会服务--旅游及景区--人工景区
和誉-B,2256.HK,----
圣诺医药-B,2257.HK,医药生物--生物制品--其他生物制品
华滋国际海洋,2258.HK,----
紫金黄金国际,2259.HK,----
环龙控股,2260.HK,----
梁志天设计集团,2262.HK,----
富石金融,2263.HK,----
鸿承环保科技,2265.HK,----
黎氏企业,2266.HK,----
药明合联,2268.HK,医药生物--医疗服务--医疗研发外包
药明生物,2269.HK,医药生物--生物制品--其他生物制品
德商产投服务,2270.HK,----
众安智慧生活,2271.HK,----
固生堂,2273.HK,医药生物--医疗服务--医院
康耐特光学,2276.HK,轻工制造--文娱用品--文化用品
雍禾医疗,2279.HK,美容护理--医疗美容--医美服务
慧聪集团,2280.HK,商贸零售--互联网电商--综合电商
兴泸水务,2281.HK,----
美高梅中国,2282.HK,社会服务--旅游及景区--博彩
东江集团控股,2283.HK,----
泉峰控股,2285.HK,机械设备--通用设备--其他通用设备
辰兴发展,2286.HK,----
宏基资本,2288.HK,----
创美药业,2289.HK,----
心泰医疗,2291.HK,医药生物--医疗器械--医疗耗材
百本医护,2293.HK,----
丰城控股,2295.HK,----
润迈德-B,2297.HK,----
都市丽人,2298.HK,纺织服饰--服装家纺--鞋帽及其他
百宏实业,2299.HK,----
中核国际,2302.HK,----
乐华娱乐,2306.HK,----
锦兴国际控股,2307.HK,----
大象未来集团,2309.HK,----
时代环球集团,2310.HK,----
LONG 投资集团,2312.HK,----
申洲国际,2313.HK,纺织服饰--纺织制造--纺织鞋类制造
理文造纸,2314.HK,轻工制造--造纸--大宗用纸
百奥赛图-B,2315.HK,医药生物--医疗服务--医疗研发外包
味丹国际,2317.HK,----
中国平安,2318.HK,非银金融--保险Ⅱ--保险Ⅲ
蒙牛乳业,2319.HK,食品饮料--饮料乳品--乳品
合丰集团,2320.HK,----
双财庄,2321.HK,----
新质数字,2322.HK,----
融科控股,2323.HK,----
首都创投,2324.HK,----
云康集团,2325.HK,----
新源万恒控股,2326.HK,----
美瑞健康国际,2327.HK,----
中国财险,2328.HK,非银金融--保险Ⅱ--保险Ⅲ
国瑞健康,2329.HK,房地产--房地产开发--住宅开发
中国上城,2330.HK,----
李宁,2331.HK,纺织服饰--服装家纺--运动服装
长城汽车,2333.HK,汽车--乘用车--综合乘用车
硕奥国际,2336.HK,----
众诚能源,2337.HK,----
潍柴动力,2338.HK,汽车--汽车零部件--底盘与发动机系统
京西国际,2339.HK,----
升柏控股,2340.HK,----
京信通信,2342.HK,通信--通信设备--通信网络设备及器件
太平洋航运,2343.HK,交通运输--航运港口--航运
友和集团,2347.HK,----
东瑞制药,2348.HK,----
中国城市基础设施,2349.HK,----
数科集团,2350.HK,----
东原仁知服务,2352.HK,----
宝业集团,2355.HK,----
大新银行集团,2356.HK,银行--其他银行Ⅱ--其他银行Ⅲ
中航科工,2357.HK,国防军工--航空装备Ⅱ--航空装备Ⅲ
久融控股,2358.HK,----
药明康德,2359.HK,医药生物--医疗服务--医疗研发外包
优品360,2360.HK,----
中康控股,2361.HK,----
金川国际,2362.HK,有色金属--能源金属--镍
通达宏泰,2363.HK,----
巨子生物,2367.HK,美容护理--医疗美容--医美服务
鹰美,2368.HK,----
酷派集团,2369.HK,----
力高健康生活,2370.HK,----
创联控股,2371.HK,----
伟立控股,2372.HK,----
美丽田园医疗健康,2373.HK,----
鲁商服务,2376.HK,----
博奇环保,2377.HK,----
保诚,2378.HK,非银金融--保险Ⅱ--保险Ⅲ
中国电力,2380.HK,公用事业--电力--火力发电
蚬壳电业,2381.HK,----
舜宇光学科技,2382.HK,电子--光学光电子--光学元件
TOM集团,2383.HK,----
读书郎,2385.HK,----
中石化炼化工程,2386.HK,建筑装饰--专业工程--化学工程
中银香港,2388.HK,银行--其他银行Ⅱ--其他银行Ⅲ
北京健康,2389.HK,----
知乎-W,2390.HK,传媒--数字媒体--文字媒体
涂鸦智能-W,2391.HK,计算机--IT服务Ⅱ--IT服务Ⅲ
玄武云,2392.HK,----
巨星医疗控股,2393.HK,----
华芢生物-B,2396.HK,----
中国安储能源,2399.HK,----
心动公司,2400.HK,传媒--游戏Ⅱ--游戏Ⅲ
亿华通,2402.HK,电力设备--电池--燃料电池
力盟科技,2405.HK,----
高视医疗,2407.HK,医药生物--医疗器械--医疗设备
遇见小面,2408.HK,----
洲际船务,2409.HK,----
同源康医药-B,2410.HK,医药生物--化学制药--化学制剂
百果园集团,2411.HK,商贸零售--专业连锁Ⅱ--专业连锁Ⅲ
梅斯健康,2415.HK,医药生物--医疗服务--其他医疗服务
易点云,2416.HK,计算机--IT服务Ⅱ--IT服务Ⅲ
德银天下,2418.HK,----
德康农牧,2419.HK,农林牧渔--养殖业--生猪养殖
子不语,2420.HK,----
嘉创地产,2421.HK,----
润歌互动,2422.HK,----
贝壳-W,2423.HK,房地产--房地产服务--房产租赁经纪
澳亚集团,2425.HK,----
GUANZE MEDICAL,2427.HK,----
友宝在线,2429.HK,商贸零售--专业连锁Ⅱ--专业连锁Ⅲ
佑驾创新,2431.HK,计算机--计算机设备--其他计算机设备
越疆,2432.HK,机械设备--自动化设备--机器人
中天湖南集团,2433.HK,----
凌雄科技,2436.HK,----
出门问问,2438.HK,----
中宝新材,2439.HK,----
迷策略,2440.HK,----
怡俊集团控股,2442.HK,----
汽车街,2443.HK,汽车--汽车服务--汽车综合服务
恒宇集团,2448.HK,----
淮北绿金股份,2450.HK,----
绿源集团控股,2451.HK,----
美中嘉和,2453.HK,医药生物--医疗服务--医院
润华服务,2455.HK,----
步阳国际,2457.HK,----
望尘科技控股,2458.HK,----
升能集团,2459.HK,----
华润饮料,2460.HK,食品饮料--饮料乳品--软饮料
龙蟠科技,2465.HK,电力设备--电池--电池化学品
粉笔,2469.HK,社会服务--教育--培训教育
喜相逢集团,2473.HK,汽车--汽车服务--汽车经销商
经纬天地,2477.HK,----
天聚地合,2479.HK,----
绿竹生物-B,2480.HK,----
慧居科技,2481.HK,----
维天运通,2482.HK,----
K CASH集团,2483.HK,----
普乐师集团控股,2486.HK,----
科笛-B,2487.HK,医药生物--生物制品--其他生物制品
元征科技,2488.HK,----
集海资源,2489.HK,----
乐舱物流,2490.HK,----
声通科技,2495.HK,----
友芝友生物-B,2496.HK,----
富景中国控股,2497.HK,----
速腾聚创,2498.HK,计算机--计算机设备--其他计算机设备
佛朗斯股份,2499.HK,----
启明医疗-B,2500.HK,医药生物--医疗器械--医疗耗材
迈越科技,2501.HK,----
金源氢化,2502.HK,----
中深建业,2503.HK,----
EDA集团控股,2505.HK,----
讯飞医疗科技,2506.HK,计算机--软件开发--垂直应用软件
西锐,2507.HK,国防军工--航空装备Ⅱ--航空装备Ⅲ
圣贝拉,2508.HK,----
荃信生物-B,2509.HK,----
德翔海运,2510.HK,交通运输--航运港口--航运
君圣泰医药-B,2511.HK,医药生物--化学制药--化学制剂
云工场,2512.HK,----
天津建发,2515.HK,----
泛远国际,2516.HK,----
锅圈,2517.HK,食品饮料--食品加工--预加工食品
汽车之家-S,2518.HK,汽车--汽车服务--汽车综合服务
傲基股份,2519.HK,----
山西安装,2520.HK,----
升辉清洁,2521.HK,----
一脉阳光,2522.HK,医药生物--医疗服务--诊断服务
禾赛-W,2525.HK,----
尚晋国际控股,2528.HK,----
泓盈城市服务,2529.HK,----
纽曼思,2530.HK,----
广联科技控股,2531.HK,----
黑芝麻智能,2533.HK,计算机--软件开发--垂直应用软件
泓基集团,2535.HK,----
百乐皇宫,2536.HK,----
乐摩科技,2539.HK,----
乐思集团,2540.HK,----
大行科工,2543.HK,----
中赣通信,2545.HK,----
智汇矿业,2546.HK,----
卡罗特,2549.HK,----
宜搜科技,2550.HK,计算机--软件开发--横向通用软件
晶科电子股份,2551.HK,----
华领医药-B,2552.HK,----
茶百道,2555.HK,社会服务--酒店餐饮--餐饮
迈富时,2556.HK,计算机--软件开发--横向通用软件
晋商银行,2558.HK,----
嘀嗒出行,2559.HK,----
海螺材料科技,2560.HK,----
维昇药业-B,2561.HK,----
狮腾控股,2562.HK,传媒--广告营销--营销代理
华昊中天医药-B,2563.HK,----
派格生物医药-B,2565.HK,----
九源基因,2566.HK,----
七牛智能,2567.HK,----
舒宝国际,2569.HK,----
重塑能源,2570.HK,电力设备--电池--燃料电池
赛目科技,2571.HK,----
新琪安,2573.HK,----
轩竹生物-B,2575.HK,----
太美医疗科技,2576.HK,----
英诺赛科,2577.HK,电子--半导体--集成电路制造
中伟新材,2579.HK,电力设备--电池--电池化学品
奥克斯电气,2580.HK,----
明基医院,2581.HK,----
国富氢能,2582.HK,机械设备--专用设备--能源及重型设备
西普尼,2583.HK,----
梦金园,2585.HK,----
多点数智,2586.HK,传媒--广告营销--营销代理
健康之路,2587.HK,计算机--软件开发--垂直应用软件
中银航空租赁,2588.HK,非银金融--多元金融--租赁
沪上阿姨,2589.HK,社会服务--酒店餐饮--餐饮
极智嘉-W,2590.HK,----
银诺医药-B,2591.HK,----
拨康视云-B,2592.HK,----
草姬集团,2593.HK,----
劲方医药-B,2595.HK,----
宜宾银行,2596.HK,----
讯众通信,2597.HK,----
连连数字,2598.HK,----
中国铝业,2600.HK,有色金属--工业金属--铝
中国太保,2601.HK,非银金融--保险Ⅱ--保险Ⅲ
万物云,2602.HK,房地产--房地产服务--物业管理
吉宏股份,2603.HK,商贸零售--互联网电商--跨境电商
METALIGHT,2605.HK,----
上海医药,2607.HK,医药生物--医药商业--医药流通
阳光100中国,2608.HK,----
佰泽医疗,2609.HK,医药生物--医疗服务--医院
南山铝业国际,2610.HK,有色金属--工业金属--铝
国泰海通,2611.HK,非银金融--证券Ⅱ--证券Ⅲ
汇舸环保,2613.HK,----
基石药业-B,2616.HK,医药生物--化学制药--化学制剂
药捷安康-B,2617.HK,医药生物--化学制药--化学制剂
京东物流,2618.HK,交通运输--物流--中间产品及消费品供应链服务
香江电器,2619.HK,----
手回集团,2621.HK,----
爱德新能源,2623.HK,----
江苏宏信,2625.HK,----
中慧生物-B,2627.HK,----
中国人寿,2628.HK,非银金融--保险Ⅱ--保险Ⅲ
MIRXES-B,2629.HK,医药生物--医疗器械--体外诊断
旺山旺水-B,2630.HK,----
天岳先进,2631.HK,电子--半导体--半导体材料
雅各臣科研制药,2633.HK,----
诺比侃,2635.HK,----
海西新药,2637.HK,----
港灯-SS,2638.HK,----
曹操出行,2643.HK,社会服务--本地生活服务Ⅱ--本地生活服务Ⅲ
安井食品,2648.HK,食品饮料--食品加工--预加工食品
挚达科技,2650.HK,----
大众口腔,2651.HK,----
长风药业,2652.HK,----
果下科技,2655.HK,----
健康160,2656.HK,----
天域半导体,2658.HK,----
宝济药业-B,2659.HK,----
禅游科技,2660.HK,----
轻松健康,2661.HK,----
应力控股,2663.HK,----
图达通,2665.HK,----
环球医疗,2666.HK,医药生物--医疗服务--医院
百德国际,2668.HK,----
中海物业,2669.HK,房地产--房地产服务--物业管理
云迹,2670.HK,----
纳芯微,2676.HK,电子--半导体--模拟芯片设计
天虹国际集团,2678.HK,纺织服饰--纺织制造--棉纺
创升控股,2680.HK,----
润利海事,2682.HK,----
华新手袋国际控股,2683.HK,----
量化派,2685.HK,----
卓越睿新,2687.HK,----
新奥能源,2688.HK,公用事业--燃气Ⅱ--燃气Ⅲ
玖龙纸业,2689.HK,轻工制造--造纸--大宗用纸
南华期货股份,2691.HK,非银金融--多元金融--期货
金岩高岭新材,2693.HK,----
印象大红袍,2695.HK,----
复宏汉霖,2696.HK,----
乐舒适,2698.HK,----
新明中国,2699.HK,----
格林国际控股,2700.HK,----
明略科技-W,2718.HK,----
重庆机电,2722.HK,----
上海电气,2727.HK,电力设备--其他电源设备Ⅱ--综合电力设备商
金泰能源控股,2728.HK,----
华津国际控股,2738.HK,----
中梁控股,2772.HK,房地产--房地产开发--住宅开发
富力地产,2777.HK,房地产--房地产开发--住宅开发
中国新华教育,2779.HK,----
创新实业,2788.HK,----
远大中国,2789.HK,----
久泰邦达能源,2798.HK,煤炭--煤炭开采--焦煤
中信金融资产,2799.HK,非银金融--多元金融--资产管理
易鑫集团,2858.HK,汽车--汽车服务--汽车综合服务
高丰集团控股,2863.HK,----
钧达股份,2865.HK,电力设备--光伏设备--光伏电池组件
中远海发,2866.HK,交通运输--航运港口--航运
绿城服务,2869.HK,房地产--房地产服务--物业管理
神威药业,2877.HK,医药生物--中药Ⅱ--中药Ⅲ
晶门半导体,2878.HK,----
辽港股份,2880.HK,交通运输--航运港口--港口
武汉有机,2881.HK,----
金至尊集团,2882.HK,----
中海油田服务,2883.HK,石油石化--油服工程--油田服务
彼岸控股,2885.HK,----
滨海投资,2886.HK,----
渣打集团,2888.HK,银行--其他银行Ⅱ--其他银行Ⅲ
博泰车联,2889.HK,----
万城控股,2892.HK,----
盛禾生物-B,2898.HK,----
紫金矿业,2899.HK,有色金属--工业金属--铜
海天味业,3288.HK,食品饮料--调味发酵品Ⅱ--调味发酵品Ⅲ
中国玻璃,3300.HK,----
融信中国,3301.HK,房地产--房地产开发--住宅开发
精技集团,3302.HK,----
巨涛海洋石油服务,3303.HK,----
江南布衣,3306.HK,纺织服饰--服装家纺--非运动服装
希玛医疗,3309.HK,医药生物--医疗服务--医院
中国建筑国际,3311.HK,建筑装饰--基础建设--基建市政工程
雅高控股,3313.HK,----
金邦达宝嘉,3315.HK,----
滨江服务,3316.HK,----
中国波顿,3318.HK,----
雅生活服务,3319.HK,房地产--房地产服务--物业管理
华润医药,3320.HK,医药生物--化学制药--原料药
伟鸿集团控股,3321.HK,----
永嘉集团,3322.HK,----
中国建材,3323.HK,建筑材料--水泥--水泥制造
交通银行,3328.HK,银行--国有大型银行Ⅱ--国有大型银行Ⅲ
交银国际,3329.HK,非银金融--证券Ⅱ--证券Ⅲ
灵宝黄金,3330.HK,----
中生联合,3332.HK,----
巨腾国际,3336.HK,----
安东油田服务,3337.HK,----
中国龙工,3339.HK,机械设备--工程机械--工程机械整机
泰格医药,3347.HK,医药生物--医疗服务--医疗研发外包
中国鹏飞集团,3348.HK,----
远东宏信,3360.HK,非银金融--多元金融--租赁
正业国际,3363.HK,----
华侨城(亚洲),3366.HK,----
百盛集团,3368.HK,----
秦港股份,3369.HK,交通运输--航运港口--港口
远洋集团,3377.HK,房地产--房地产开发--住宅开发
翰思艾泰-B,3378.HK,----
龙光集团,3380.HK,房地产--房地产开发--住宅开发
天津港发展,3382.HK,交通运输--航运港口--港口
雅居乐集团,3383.HK,房地产--房地产开发--住宅开发
亨得利,3389.HK,----
满贯集团,3390.HK,----
威胜控股,3393.HK,----
吉星新能源,3395.HK,----
联想控股,3396.HK,计算机--计算机设备--其他计算机设备
华鼎控股,3398.HK,----
粤运交通,3399.HK,----
现代牙科,3600.HK,----
鲁大师,3601.HK,----
信基沙溪,3603.HK,----
福耀玻璃,3606.HK,汽车--汽车零部件--车身附件及饰件
同仁堂国药,3613.HK,医药生物--中药Ⅱ--中药Ⅲ
恒达集团控股,3616.HK,----
重庆农村商业银行,3618.HK,银行--农商行Ⅱ--农商行Ⅲ
中国金融发展,3623.HK,----
HSSP INTL,3626.HK,----
仁恒实业控股,3628.HK,----
中裕能源,3633.HK,公用事业--燃气Ⅱ--燃气Ⅲ
亨利加集团,3638.HK,----
亿达中国,3639.HK,----
KEEP,3650.HK,社会服务--体育Ⅱ--体育Ⅲ
新希望服务,3658.HK,----
奇富科技-S,3660.HK,----
星悦康旅,3662.HK,----
上海小南国,3666.HK,----
兖煤澳大利亚,3668.HK,煤炭--煤炭开采--动力煤
永达汽车,3669.HK,汽车--汽车服务--汽车经销商
正力新能,3677.HK,电力设备--电池--锂电池
弘业期货,3678.HK,非银金融--多元金融--期货
瑞和数智,3680.HK,----
中国抗体-B,3681.HK,----
荣丰亿控股,3683.HK,----
祈福生活服务,3686.HK,----
莱蒙国际,3688.HK,----
康华医疗,3689.HK,----
美团-W,3690.HK,社会服务--本地生活服务Ⅱ--本地生活服务Ⅲ
翰森制药,3692.HK,医药生物--化学制药--化学制剂
徽商银行,3698.HK,----
光大永年,3699.HK,----
映宇宙,3700.HK,----
中国供应链产业,3708.HK,----
赢家时尚,3709.HK,纺织服饰--服装家纺--非运动服装
北控城市资源,3718.HK,----
正利控股,3728.HK,----
中智药业,3737.HK,----
阜博集团,3738.HK,传媒--数字媒体--视频媒体
宁德时代,3750.HK,电力设备--电池--锂电池
康龙化成,3759.HK,医药生物--医疗服务--医疗研发外包
滇池水务,3768.HK,----
银盛数惠,3773.HK,----
中国织材控股,3778.HK,----
中国罕王,3788.HK,----
御佳控股,3789.HK,----
家乡互动,3798.HK,----
协鑫科技,3800.HK,电力设备--光伏设备--硅料硅片
中国重汽,3808.HK,汽车--商用车--商用载货车
宝胜国际,3813.HK,商贸零售--专业连锁Ⅱ--专业连锁Ⅲ
KFM金德,3816.HK,----
中国动向,3818.HK,纺织服饰--服装家纺--运动服装
三和建筑集团,3822.HK,----
明辉国际,3828.HK,----
童园国际,3830.HK,----
新疆新鑫矿业,3833.HK,----
和谐汽车,3836.HK,汽车--汽车服务--汽车经销商
中国淀粉,3838.HK,----
正大企业国际,3839.HK,----
浩森金融科技,3848.HK,----
佳鑫国际资源,3858.HK,----
EPS创健科技,3860.HK,----
青岛银行,3866.HK,银行--城商行Ⅱ--城商行Ⅲ
信义能源,3868.HK,公用事业--电力--光伏发电
弘和仁爱医疗,3869.HK,----
中国船舶租赁,3877.HK,非银金融--多元金融--租赁
VICON HOLDINGS,3878.HK,----
泰德医药,3880.HK,----
希迪智驾,3881.HK,----
天彩控股,3882.HK,----
中国奥园,3883.HK,房地产--房地产开发--住宅开发
康健国际医疗,3886.HK,医药生物--医疗服务--医院
HASHKEY HLDGS,3887.HK,----
金山软件,3888.HK,计算机--软件开发--横向通用软件
大成玉米集团,3889.HK,----
易纬集团,3893.HK,----
金山云,3896.HK,计算机--IT服务Ⅱ--IT服务Ⅲ
时代电气,3898.HK,机械设备--轨交设备Ⅱ--轨交设备Ⅲ
中集安瑞科,3899.HK,机械设备--专用设备--其他专用设备
绿城中国,3900.HK,房地产--房地产开发--住宅开发
瀚华金控,3903.HK,----
中金公司,3908.HK,非银金融--证券Ⅱ--证券Ⅲ
合景悠活,3913.HK,房地产--房地产服务--物业管理
金界控股,3918.HK,社会服务--旅游及景区--博彩
金力集团,3919.HK,----
中国新零售供应链,3928.HK,----
中创新航,3931.HK,电力设备--电池--锂电池
联邦制药,3933.HK,医药生物--化学制药--原料药
LFG投资控股,3938.HK,----
万国黄金集团,3939.HK,有色金属--贵金属--黄金
东方证券,3958.HK,非银金融--证券Ⅱ--证券Ⅲ
融众金融,3963.HK,----
招商银行,3968.HK,银行--股份制银行Ⅱ--股份制银行Ⅲ
中国通号,3969.HK,机械设备--轨交设备Ⅱ--轨交设备Ⅲ
卓越教育集团,3978.HK,----
中海石油化学,3983.HK,----
中国银行,3988.HK,银行--国有大型银行Ⅱ--国有大型银行Ⅲ
首创环境,3989.HK,----
美的置业,3990.HK,房地产--房地产开发--住宅开发
长虹佳华,3991.HK,----
洛阳钼业,3993.HK,有色金属--工业金属--铜
中国能源建设,3996.HK,建筑装饰--基础建设--基建市政工程
电讯首科,3997.HK,----
波司登,3998.HK,纺织服饰--服装家纺--非运动服装
大成食品,3999.HK,----
中信证券,6030.HK,非银金融--证券Ⅱ--证券Ⅲ
三一重工,6031.HK,机械设备--工程机械--工程机械整机
电讯数码控股,6033.HK,----
光丽科技,6036.HK,----
信越控股,6038.HK,----
保利物业,6049.HK,房地产--房地产服务--物业管理
中烟香港,6055.HK,商贸零售--一般零售--多业态零售
兴证国际,6058.HK,----
众安在线,6060.HK,非银金融--保险Ⅱ--保险Ⅲ
智中国际,6063.HK,----
中信建投证券,6066.HK,非银金融--证券Ⅱ--证券Ⅲ
光正教育,6068.HK,社会服务--教育--学历教育
盛业,6069.HK,非银金融--多元金融--其他多元金融
海吉亚医疗,6078.HK,医药生物--医疗服务--医院
荣智控股,6080.HK,----
环宇物流(亚洲),6083.HK,----
方舟健客,6086.HK,医药生物--医药商业--互联网药店
鸿腾精密,6088.HK,通信--通信设备--通信终端及配件
不同集团,6090.HK,----
和泓服务,6093.HK,----
碧桂园服务,6098.HK,房地产--房地产服务--物业管理
招商证券,6099.HK,非银金融--证券Ⅱ--证券Ⅲ
同道猎聘,6100.HK,社会服务--专业服务--人力资源服务
新锐医药,6108.HK,----
滔搏,6110.HK,商贸零售--专业连锁Ⅱ--专业连锁Ⅲ
比特策略,6113.HK,----
日照港裕廊,6117.HK,----
奥星生命科技,6118.HK,----
天源集团,6119.HK,----
圆通国际快递,6123.HK,----
昭衍新药,6127.HK,医药生物--医疗服务--医疗研发外包
烯石电车新材料,6128.HK,----
维太创科,6133.HK,----
康达环保,6136.HK,----
哈尔滨银行,6138.HK,----
正荣地产,6158.HK,房地产--房地产开发--住宅开发
百济神州,6160.HK,医药生物--化学制药--化学制剂
天瑞汽车内饰,6162.HK,----
彭顺国际,6163.HK,----
剑桥科技,6166.HK,通信--通信设备--通信终端及配件
周六福,6168.HK,纺织服饰--饰品--钟表珠宝
宇华教育,6169.HK,社会服务--教育--学历教育
光大证券,6178.HK,非银金融--证券Ⅱ--证券Ⅲ
老铺黄金,6181.HK,纺织服饰--饰品--钟表珠宝
乙德投资控股,6182.HK,----
康希诺生物,6185.HK,医药生物--生物制品--疫苗
中国飞鹤,6186.HK,食品饮料--饮料乳品--乳品
迪信通,6188.HK,----
爱得威建设集团,6189.HK,----
九江银行,6190.HK,----
泰林科建,6193.HK,----
郑州银行,6196.HK,银行--城商行Ⅱ--城商行Ⅲ
青岛港,6198.HK,交通运输--航运港口--港口
贵州银行,6199.HK,----
迅销-DRS,6288.HK,----
朝云集团,6601.HK,美容护理--个护用品--洗护用品
IFBH,6603.HK,食品饮料--饮料乳品--软饮料
百融云-W,6608.HK,----
心玮医疗-B,6609.HK,----
飞天云动,6610.HK,传媒--数字媒体--其他数字媒体
三巽集团,6611.HK,----
蓝思科技,6613.HK,电子--消费电子--消费电子零部件及组装
环球新材国际,6616.HK,基础化工--非金属材料Ⅱ--非金属材料Ⅲ
京东健康,6618.HK,医药生物--医药商业--互联网药店
兆科眼科-B,6622.HK,----
陆控,6623.HK,非银金融--多元金融--其他多元金融
越秀服务,6626.HK,----
创胜集团-B,6628.HK,----
青瓷游戏,6633.HK,----
瑞尔集团,6639.HK,医药生物--医疗服务--医院
华新建材,6655.HK,建筑材料--水泥--水泥制造
百望股份,6657.HK,----
艾美疫苗,6660.HK,医药生物--生物制品--疫苗
湖州燃气,6661.HK,----
国际永胜集团,6663.HK,----
恒大物业,6666.HK,房地产--房地产服务--物业管理
美因基因,6667.HK,----
星盛商业,6668.HK,----
先瑞达医疗-B,6669.HK,----
找钢集团-W,6676.HK,----
远洋服务,6677.HK,----
金力永磁,6680.HK,有色金属--金属新材料--磁性材料
脑动极光-B,6681.HK,医药生物--医疗服务--其他医疗服务
第四范式,6682.HK,计算机--IT服务Ⅱ--IT服务Ⅲ
巨星传奇,6683.HK,传媒--广告营销--营销代理
诺亚控股,6686.HK,非银金融--多元金融--资产管理
聚水潭,6687.HK,----
洪九果品,6689.HK,商贸零售--贸易Ⅱ--贸易Ⅲ
海尔智家,6690.HK,家用电器--白色家电--冰洗
赤峰黄金,6693.HK,有色金属--贵金属--黄金
多想云,6696.HK,----
星空华文,6698.HK,传媒--影视院线--影视动漫制作
时代天使,6699.HK,美容护理--医疗美容--医美服务
金茂源环保,6805.HK,----
申万宏源,6806.HK,非银金融--证券Ⅱ--证券Ⅲ
高鑫零售,6808.HK,商贸零售--一般零售--超市
太兴集团,6811.HK,----
永顺控股香港,6812.HK,----
瑞港建设,6816.HK,----
中国光大银行,6818.HK,银行--股份制银行Ⅱ--股份制银行Ⅲ
友谊时光,6820.HK,----
凯莱英,6821.HK,医药生物--医疗服务--医疗研发外包
科劲国际,6822.HK,----
香港电讯-SS,6823.HK,----
昊海生物科技,6826.HK,医药生物--医疗器械--医疗耗材
北京燃气蓝天,6828.HK,公用事业--燃气Ⅱ--燃气Ⅲ
龙升集团控股,6829.HK,----
华众车载,6830.HK,----
绿茶集团,6831.HK,----
兴科蓉医药,6833.HK,----
盈利时,6838.HK,----
云南水务,6839.HK,----
亚盛医药-B,6855.HK,医药生物--化学制药--化学制剂
本间高尔夫,6858.HK,----
指尖悦动,6860.HK,----
海底捞,6862.HK,社会服务--酒店餐饮--餐饮
福莱特玻璃,6865.HK,电力设备--光伏设备--光伏辅材
佐力小贷,6866.HK,----
天福,6868.HK,----
长飞光纤光缆,6869.HK,通信--通信设备--通信线缆及配套
TE HEALTHCARE,6877.HK,----
鼎丰集团汽车,6878.HK,非银金融--多元金融--其他多元金融
中国银河,6881.HK,非银金融--证券Ⅱ--证券Ⅲ
东瀛游,6882.HK,----
颖通控股,6883.HK,----
金马能源,6885.HK,----
华泰证券,6886.HK,非银金融--证券Ⅱ--证券Ⅲ
东阳光药,6887.HK,----
英达公路再生科技,6888.HK,----
DYNAM JAPAN,6889.HK,----
康利国际控股,6890.HK,----
衍生集团,6893.HK,----
金嗓子,6896.HK,----
中国铝罐,6898.HK,----
联众,6899.HK,----
宏光半导体,6908.HK,----
百得利控股,6909.HK,----
澜沧古茶,6911.HK,----
华南职业教育,6913.HK,----
奇士达,6918.HK,----
人瑞人才,6919.HK,----
康沣生物-B,6922.HK,----
万马控股,6928.HK,----
业聚医疗,6929.HK,医药生物--医疗器械--医疗耗材
新娱科控股,6933.HK,----
顺丰控股,6936.HK,交通运输--物流--快递
美佳音控股,6939.HK,----
博安生物,6955.HK,医药生物--生物制品--其他生物制品
正荣服务,6958.HK,----
长久股份,6959.HK,----
双登股份,6960.HK,----
阳光保险,6963.HK,非银金融--保险Ⅱ--保险Ⅲ
中国万桐园,6966.HK,----
港龙中国地产,6968.HK,房地产--房地产开发--住宅开发
思摩尔国际,6969.HK,电子--消费电子--消费电子零部件及组装
永泰生物-B,6978.HK,医药生物--生物制品--其他生物制品
珍酒李渡,6979.HK,食品饮料--白酒Ⅱ--白酒Ⅲ
八马茶业,6980.HK,----
乐享集团,6988.HK,传媒--广告营销--营销代理
卓越商企服务,6989.HK,房地产--房地产服务--物业管理
科伦博泰生物-B,6990.HK,医药生物--生物制品--其他生物制品
蓝月亮集团,6993.HK,美容护理--个护用品--洗护用品
德琪医药-B,6996.HK,医药生物--生物制品--其他生物制品
嘉和生物-B,6998.HK,医药生物--生物制品--其他生物制品
领地控股,6999.HK,----
京东工业,7618.HK,----
世大控股,8003.HK,----
裕兴科技,8005.HK,----
华泰瑞银,8006.HK,----
环球战略集团,8007.HK,----
ECI TECH,8013.HK,----
捷利交易宝,8017.HK,----
汇财金融投资,8018.HK,----
皓文控股,8019.HK,----
宏海控股集团,8020.HK,----
汇隆控股,8021.HK,----
邝文记,8023.HK,----
朗华国际集团,8026.HK,----
吉辉控股,8027.HK,----
天时资源,8028.HK,----
帝国金融集团,8029.HK,----
丰银禾控股,8030.HK,----
易通讯集团,8031.HK,----
爱达利网络,8033.HK,----
骏高控股,8035.HK,----
电子交易集团,8036.HK,----
中国生物科技服务,8037.HK,----
中国来骑哦,8039.HK,----
快意智能,8040.HK,----
中微智码,8041.HK,----
高奥士国际,8042.HK,----
ATLINKS,8043.HK,----
中国海洋发展,8047.HK,----
御德国际控股,8048.HK,----
吉林长龙药业,8049.HK,----
城市酷选,8050.HK,----
讯智海,8051.HK,----
陆庆娱乐,8052.HK,----
生活概念,8056.HK,----
麦迪森控股,8057.HK,----
朝威控股,8059.HK,----
国联通信,8060.HK,----
俊盟国际,8062.HK,----
环球大通集团,8063.HK,----
高萌科技,8065.HK,----
品创控股,8066.HK,----
东方大学城控股,8067.HK,----
飞道旅游科技,8069.HK,----
侨洋国际控股,8070.HK,----
中彩网通控股,8071.HK,----
罗马元宇宙集团,8072.HK,----
水发兴业新材料,8073.HK,----
新利软件,8076.HK,----
仍志集团控股,8079.HK,----
北亚策略,8080.HK,----
恒泰裕集团,8081.HK,----
擎华控股,8082.HK,----
有赞,8083.HK,----
中国三三传媒,8087.HK,----
奥传思维控股,8091.HK,----
ITE HOLDINGS,8092.HK,----
瓦普思瑞元宇宙,8093.HK,----
北大青鸟环宇,8095.HK,----
赏之味,8096.HK,----
昌利控股,8098.HK,----
名科国际,8100.HK,----
HMVOD视频,8103.HK,----
升华兰德,8106.HK,----
细叶榕科技,8107.HK,----
中国科技产业集团,8111.HK,----
基石金融,8112.HK,----
时腾科技,8113.HK,----
上海青浦消防,8115.HK,----
中国基础能源,8117.HK,----
濠亮环球,8118.HK,----
国农金融投资,8120.HK,----
国恩控股,8121.HK,----
华亿金控,8123.HK,----
中新控股,8125.HK,----
G.A.控股,8126.HK,----
中国恒有源集团,8128.HK,----
大地国际集团,8130.HK,----
辰罡科技,8131.HK,----
百能国际能源,8132.HK,----
吉盛集团控股,8133.HK,----
英马斯集团,8136.HK,----
洪桥集团,8137.HK,----
长安仁恒,8139.HK,----
人和科技,8140.HK,----
金威医疗,8143.HK,----
怡园酒业,8146.HK,----
汇思太平洋,8147.HK,----
悟喜生活,8148.HK,----
浩德控股,8149.HK,----
明梁控股,8152.HK,----
嘉鼎国际集团,8153.HK,----
国药科技股份,8156.HK,----
中国再生医学,8158.HK,----
新华联合投资,8159.HK,----
GOLDWAY EDU,8160.HK,----
医汇集团,8161.HK,----
港银控股,8162.HK,----
声扬集团,8163.HK,----
宝积资本,8168.HK,----
环康集团,8169.HK,----
拉近网娱,8172.HK,----
客思控股,8173.HK,----
超人智能,8176.HK,----
中国信息科技,8178.HK,----
百利达集团控股,8179.HK,----
港深智能管理,8181.HK,----
曼妠,8186.HK,----
积木集团,8187.HK,----
骏杰集团控股,8188.HK,----
泰达生物,8189.HK,----
鸿伟亚洲,8191.HK,----
亚太金融投资,8193.HK,----
传承教育集团,8195.HK,----
福田股份,8196.HK,----
加幂科技,8198.HK,----
修身堂,8200.HK,----
宝联控股,8201.HK,----
凯顺控股,8203.HK,----
交大慧谷,8205.HK,----
神通机器人教育,8206.HK,----
WMCH GLOBAL,8208.HK,----
衍汇亚洲,8210.HK,----
浙江永安,8211.HK,----
荣晖控股,8213.HK,----
FIRST CREDIT,8215.HK,----
菊福堂生物,8217.HK,----
毅高国际控股,8218.HK,----
恒伟集团控股,8219.HK,----
比高集团,8220.HK,----
高裕金融,8221.HK,----
壹照明,8222.HK,----
紫元元,8223.HK,----
中国医疗集团,8225.HK,----
树熊金融集团,8226.HK,----
海天天线,8227.HK,----
未来数据集团,8229.HK,----
CLASSIFIED GP,8232.HK,----
华星控股,8237.HK,----
惠陶集团,8238.HK,----
首都金融控股,8239.HK,----
英记茶庄集团,8241.HK,----
烽翼集团,8245.HK,----
中华燃气,8246.HK,----
中生北控生物科技,8247.HK,----
瑞远智控,8249.HK,----
都都控股,8250.HK,----
靖洋集团,8257.HK,----
宏强控股,8262.HK,----
蓝港互动,8267.HK,----
智城发展控股,8268.HK,----
富誉控股,8269.HK,----
中国煤层气,8270.HK,----
环球数码创意,8271.HK,----
中国新消费集团,8275.HK,----
骏东控股,8277.HK,----
亚博科技控股,8279.HK,----
中国数字视频,8280.HK,----
中国金典集团,8281.HK,----
智傲控股,8282.HK,----
中食民安,8283.HK,----
森浩集团,8285.HK,----
长城微光,8286.HK,----
亚势备份,8290.HK,----
港娱国际,8291.HK,----
VSING,8292.HK,----
星亚控股,8293.HK,----
金慧科技,8295.HK,----
中国生命集团,8296.HK,----
海纳星空科技,8297.HK,----
大唐黄金,8299.HK,----
今米房集团,8300.HK,----
圣唐控股,8305.HK,----
密迪斯肌,8307.HK,----
古兜控股,8308.HK,----
万成环球控股,8309.HK,----
盐城港,8310.HK,----
圆美光电,8311.HK,----
杰地集团,8313.HK,----
新都酒店,8315.HK,----
中国红包,8316.HK,----
财华社集团,8317.HK,----
思博系统,8319.HK,----
沛然环保,8320.HK,----
泰锦控股,8321.HK,----
同景新能源,8326.HK,----
信义储电,8328.HK,----
海王英特龙,8329.HK,----
倍搏集团,8331.HK,----
阿仕特朗金融,8333.HK,----
直通电讯,8337.HK,----
紫荆国际金融,8340.HK,----
艾硕控股,8341.HK,----
F8企业,8347.HK,----
滨海泰达物流,8348.HK,----
硅鑫集团,8349.HK,----
立桥证券控股,8350.HK,----
进业控股,8356.HK,----
REPUBLIC HC,8357.HK,----
简朴新生活,8360.HK,----
运兴泰集团,8362.HK,----
亦辰集团,8365.HK,----
浙江联合投资,8366.HK,----
倩碧控股,8367.HK,----
中国创意控股,8368.HK,----
智升集团控股,8370.HK,----
尝高美集团,8371.HK,----
君百延集团,8372.HK,----
靛蓝星,8373.HK,----
数盟资本,8375.HK,----
维港育马,8377.HK,----
盈证国际,8379.HK,----
万里印刷,8385.HK,----
基石科技控股,8391.HK,----
舍图控股,8392.HK,----
中显智能齐家控股,8395.HK,----
亚洲先锋娱乐,8400.HK,----
源想集团,8401.HK,----
高原之宝,8402.HK,----
天平道合,8403.HK,----
中国口腔产业,8406.HK,----
K W NELSON GP,8411.HK,----
新爱德集团,8412.HK,----
亚洲富思,8413.HK,----
HM INTL HLDGS,8416.HK,----
大地教育,8417.HK,----
傲迪玛汽车,8418.HK,----
AV策划推广,8419.HK,----
NEXION TECH,8420.HK,----
WT集团,8422.HK,----
潪浩发展,8423.HK,----
兴铭控股,8425.HK,----
雅居投资控股,8426.HK,----
万顺瑞强集团,8427.HK,----
汉诺佳池,8428.HK,----
华美乐乐,8429.HK,----
春能控股,8430.HK,----
浩柏国际,8431.HK,----
太平洋酒吧,8432.HK,----
德宝集团控股,8436.HK,----
德斯控股,8437.HK,----
新百利融资,8439.HK,----
怡康泰工程集团,8445.HK,----
耀星科技集团,8446.HK,----
MS CONCEPT,8447.HK,----
环球印馆,8448.HK,----
钜京控股,8450.HK,----
日光控股,8451.HK,----
富银融资股份,8452.HK,----
礼建德集团,8455.HK,----
民信国际控股,8456.HK,----
基地锦标集团,8460.HK,----
中安控股集团,8462.HK,----
新达控股,8471.HK,----
立高控股,8472.HK,----
弥明生活百货,8473.HK,----
易站绿色科技,8475.HK,----
飞霓控股,8480.HK,----
盛龙锦秀国际,8481.HK,----
万励达,8482.HK,----
名仕快相,8483.HK,----
ISP GLOBAL,8487.HK,----
裕程物流,8489.HK,----
骏码半导体,8490.HK,----
COOL LINK,8491.HK,----
龙皇集团,8493.HK,----
1957 & CO.,8495.HK,----
环球友饮智能,8496.HK,----
天泓文创,8500.HK,----
庄皇集团公司,8501.HK,----
远航港口,8502.HK,----
爱世纪集团,8507.HK,----
威扬酒业控股,8509.HK,----
TOPSTANDARDCORP,8510.HK,----
民富国际,8511.HK,----
凯富善集团控股,8512.HK,----
加和国际控股,8513.HK,----
广骏集团控股,8516.HK,----
新享时代,8519.HK,----
智云国际控股,8521.HK,----
百应控股,8525.HK,----
荣丰集团亚洲,8526.HK,----
聚利宝控股,8527.HK,----
优博控股,8529.HK,----
宝发控股,8532.HK,----
荧德控股,8535.HK,----
TL NATURAL GAS,8536.HK,----
创辉珠宝,8537.HK,----
胜利证券,8540.HK,----
佰悦集团,8545.HK,----
PACIFIC LEGEND,8547.HK,----
金叶国际集团,8549.HK,----
宝燵控股,8601.HK,----
亮晴控股,8603.HK,----
倢冠控股,8606.HK,----
九福来,8611.HK,----
维亮控股,8612.HK,----
东方支付集团控股,8613.HK,----
新威工程集团,8616.HK,----
NIU HOLDINGS,8619.HK,----
亚洲速运,8620.HK,----
METROPOLIS CAP,8621.HK,----
华康生物医学,8622.HK,----
中国蜀塔,8623.HK,----
旅橙文化,8627.HK,----
集信国控,8629.HK,----
裕丰昌控股,8631.HK,----
大象控股集团,8635.HK,----
元续科技,8637.HK,----
比特元宇宙,8645.HK,----
中国宏光,8646.HK,----
TRUE PARTNER,8657.HK,----
易和国际控股,8659.HK,----
瀛海集团,8668.HK,----
新纽科技,9600.HK,----
映恩生物-B,9606.HK,医药生物--生物制品--其他生物制品
宋都服务,9608.HK,----
海伟股份,9609.HK,----
东软睿新集团,9616.HK,----
京东集团-SW,9618.HK,商贸零售--互联网电商--综合电商
哔哩哔哩-W,9626.HK,传媒--数字媒体--视频媒体
农夫山泉,9633.HK,食品饮料--饮料乳品--软饮料
九方智投控股,9636.HK,非银金融--多元金融--金融信息服务
法拉帝,9638.HK,----
荣利营造,9639.HK,----
特海国际,9658.HK,社会服务--酒店餐饮--餐饮
地平线机器人-W,9660.HK,机械设备--自动化设备--机器人
国鸿氢能,9663.HK,----
金科服务,9666.HK,房地产--房地产服务--物业管理
渤海银行,9668.HK,银行--股份制银行Ⅱ--股份制银行Ⅲ
北森控股,9669.HK,计算机--软件开发--垂直应用软件
十月稻田,9676.HK,农林牧渔--农产品加工--粮油加工
威海银行,9677.HK,----
云知声,9678.HK,计算机--IT服务Ⅱ--IT服务Ⅲ
如祺出行,9680.HK,----
熙康云医院,9686.HK,----
再鼎医药,9688.HK,医药生物--生物制品--其他生物制品
金泰丰国际控股,9689.HK,----
途虎-W,9690.HK,汽车--汽车服务--汽车综合服务
天齐锂业,9696.HK,有色金属--能源金属--锂
万国数据-SW,9698.HK,计算机--IT服务Ⅱ--IT服务Ⅲ
顺丰同城,9699.HK,交通运输--物流--快递
柠萌影视,9857.HK,传媒--影视院线--影视动漫制作
优然牧业,9858.HK,食品饮料--饮料乳品--乳品
艾迪康控股,9860.HK,医药生物--医疗服务--诊断服务
零跑汽车,9863.HK,汽车--乘用车--电动乘用车
蔚来-SW,9866.HK,汽车--乘用车--电动乘用车
小鹏汽车-W,9868.HK,汽车--乘用车--电动乘用车
海伦司,9869.HK,社会服务--酒店餐饮--餐饮
大洋环球控股,9876.HK,----
健世科技-B,9877.HK,医药生物--医疗器械--医疗耗材
汇通达网络,9878.HK,计算机--IT服务Ⅱ--IT服务Ⅲ
米高集团,9879.HK,----
优必选,9880.HK,机械设备--自动化设备--机器人
容大科技,9881.HK,----
永联丰控股,9882.HK,----
药师帮,9885.HK,计算机--软件开发--垂直应用软件
叮当健康,9886.HK,医药生物--医药商业--互联网药店
维立志博-B,9887.HK,----
百度集团-SW,9888.HK,传媒--数字媒体--门户网站
东莞农商银行,9889.HK,----
贪玩,9890.HK,传媒--游戏Ⅱ--游戏Ⅲ
比优集团,9893.HK,----
名创优品,9896.HK,商贸零售--专业连锁Ⅱ--专业连锁Ⅲ
微博-SW,9898.HK,传媒--社交Ⅱ--社交Ⅲ
网易云音乐,9899.HK,传媒--数字媒体--音频媒体
智云科技建设,9900.HK,----
新东方-S,9901.HK,社会服务--教育--培训教育
宏力医疗管理,9906.HK,----
嘉兴燃气,9908.HK,----
宝龙商业,9909.HK,房地产--房地产开发--商业地产
赤子城科技,9911.HK,----
智勤控股,9913.HK,----
兴业物联,9916.HK,----
丽年国际,9918.HK,----
艾德韦宣集团,9919.HK,----
九毛九,9922.HK,社会服务--酒店餐饮--餐饮
移卡,9923.HK,计算机--软件开发--垂直应用软件
康方生物,9926.HK,医药生物--生物制品--其他生物制品
赛力斯,9927.HK,汽车--乘用车--电动乘用车
时代邻里,9928.HK,房地产--房地产服务--物业管理
澳达控股,9929.HK,----
宏信建发,9930.HK,非银金融--多元金融--租赁
GHW INTL,9933.HK,----
稀美资源,9936.HK,----
华和控股,9938.HK,----
开拓药业-B,9939.HK,医药生物--化学制药--化学制剂
智云健康,9955.HK,计算机--软件开发--垂直应用软件
安能物流,9956.HK,交通运输--物流--公路货运
力天影业,9958.HK,----
联易融科技-W,9959.HK,计算机--软件开发--垂直应用软件
康圣环球,9960.HK,----
携程集团-S,9961.HK,社会服务--旅游及景区--旅游综合
高科桥,9963.HK,----
康宁杰瑞制药-B,9966.HK,医药生物--生物制品--其他生物制品
汇景控股,9968.HK,房地产--房地产开发--住宅开发
诺诚健华,9969.HK,医药生物--化学制药--化学制剂
奇瑞汽车,9973.HK,----
方圆生活服务,9978.HK,----
绿城管理控股,9979.HK,房地产--房地产服务--物业管理
中原建业,9982.HK,----
建业新生活,9983.HK,房地产--房地产服务--物业管理
卫龙美味,9985.HK,食品饮料--休闲食品--零食
大山教育,9986.HK,----
百胜中国,9987.HK,社会服务--酒店餐饮--餐饮
阿里巴巴-W,9988.HK,商贸零售--互联网电商--综合电商
海普瑞,9989.HK,医药生物--化学制药--化学制剂
祖龙娱乐,9990.HK,传媒--游戏Ⅱ--游戏Ⅲ
宝尊电商-W,9991.HK,商贸零售--互联网电商--电商服务
泡泡玛特,9992.HK,轻工制造--文娱用品--娱乐用品
金辉控股,9993.HK,房地产--房地产开发--住宅开发
荣昌生物,9995.HK,医药生物--生物制品--其他生物制品
沛嘉医疗-B,9996.HK,医药生物--医疗器械--医疗耗材
光荣控股,9998.HK,----
网易-S,9999.HK,传媒--游戏Ⅱ--游戏Ⅲ
